Zn,Pb,Cr,Ni,Cu,As,Contamination_Level,Total_Metal_Burden,Mean_Metal_Concentration
112.81,140.67,161.15,12.15,19.39,14.33,Low,460.49999999999994,76.74999999999999
346.55,70.37,246.16,96.22,75.08,3.92,Moderate,838.3000000000001,139.71666666666667
270.59,62.92,27.5,95.17,16.7,8.69,Low,481.57,80.26166666666667
190.62,89.11,222.63,146.79,85.23,17.87,Moderate,752.25,125.375
394.88,226.97,114.83,76.04,83.79,9.39,Moderate,905.9,150.98333333333332
96.65,78.83,164.3,193.8,29.3,5.33,Moderate,568.21,94.70166666666667
260.5,254.04,148.19,180.45,91.67,2.51,Moderate,937.36,156.22666666666666
182.09,36.14,43.98,45.38,39.75,19.44,Low,366.78000000000003,61.13
267.22,30.75,180.93,112.79,28.94,15.37,Moderate,636.0000000000001,106.00000000000001
58.48,243.83,247.96,146.35,86.37,17.38,Moderate,800.37,133.395
322.67,45.61,102.93,78.44,99.21,10.12,Moderate,658.9800000000001,109.83000000000003
28.87,30.34,66.97,88.49,30.1,2.85,Low,247.62,41.27
145.08,179.32,43.78,21.09,66.65,0.28,Low,456.19999999999993,76.03333333333332
236.8,90.84,211.04,197.92,78.0,3.57,Moderate,818.17,136.36166666666665
186.87,59.76,119.15,144.42,12.55,12.33,Moderate,535.0799999999999,89.17999999999999
138.17,37.77,127.09,140.35,93.74,3.53,Moderate,540.65,90.10833333333333
100.84,289.71,229.52,60.36,53.96,19.59,Moderate,753.98,125.66333333333334
128.22,196.2,213.77,34.3,72.81,17.22,Moderate,662.52,110.42
239.04,17.12,138.51,70.51,18.1,2.68,Low,485.96,80.99333333333333
318.98,86.08,150.69,36.14,84.49,13.9,Moderate,690.28,115.04666666666667
303.47,87.27,223.03,25.17,89.4,7.2,Moderate,735.54,122.58999999999999
53.08,259.33,38.15,169.12,5.37,9.69,Moderate,534.74,89.12333333333333
356.88,31.58,62.57,126.48,22.2,12.78,Moderate,612.49,102.08166666666666
26.82,120.64,110.75,144.17,74.05,7.11,Low,483.54,80.59
373.67,233.84,175.33,83.35,73.82,5.82,Moderate,945.83,157.63833333333335
124.0,250.01,87.39,51.28,42.2,3.94,Moderate,558.82,93.13666666666667
314.47,212.99,40.39,70.87,42.19,8.69,Moderate,689.6000000000001,114.93333333333335
64.63,270.9,213.8,150.29,86.38,16.83,Moderate,802.8299999999999,133.80499999999998
350.86,98.01,149.67,139.86,48.21,9.32,Moderate,795.9300000000001,132.655
146.17,232.53,98.07,155.52,74.37,5.25,Moderate,711.91,118.65166666666666
340.42,116.75,145.98,71.29,43.06,2.44,Moderate,719.94,119.99000000000001
129.53,63.6,240.54,95.89,63.16,18.5,Moderate,611.2199999999999,101.86999999999999
347.94,167.07,79.16,182.68,61.62,0.95,Moderate,839.42,139.90333333333334
203.58,236.52,26.19,128.76,19.02,9.95,Moderate,624.02,104.00333333333333
340.89,204.53,220.2,45.52,11.05,17.77,Moderate,839.9599999999998,139.9933333333333
41.77,52.65,35.83,93.2,92.49,11.66,Low,327.6,54.6
224.08,20.11,119.51,155.82,93.82,13.78,Moderate,627.1199999999999,104.51999999999998
113.59,123.18,170.86,32.47,24.49,7.57,Low,472.16,78.69333333333334
59.74,82.97,76.51,37.85,18.24,3.04,Low,278.3500000000001,46.39166666666668
281.81,283.55,88.17,163.65,88.52,12.6,Moderate,918.3,153.04999999999998
50.83,40.41,160.86,177.6,41.47,7.77,Low,478.94000000000005,79.82333333333334
168.91,296.09,203.3,111.16,20.7,11.7,Moderate,811.86,135.31
376.88,66.64,68.87,124.22,25.25,16.61,Moderate,678.47,113.07833333333333
315.44,94.15,34.47,167.44,22.73,10.74,Moderate,644.97,107.495
63.17,170.44,148.16,62.77,57.23,19.11,Moderate,520.88,86.81333333333333
83.37,42.75,22.05,163.5,88.0,8.72,Low,408.39000000000004,68.06500000000001
360.08,59.15,93.85,63.31,10.72,8.4,Moderate,595.5099999999999,99.25166666666665
179.29,50.92,139.96,102.88,38.06,6.41,Moderate,517.52,86.25333333333333
194.41,261.33,175.63,166.55,78.81,19.1,Moderate,895.83,149.305
175.45,209.5,235.2,59.85,50.56,0.35,Moderate,730.91,121.81833333333333
148.0,231.14,138.64,146.13,15.17,14.02,Moderate,693.0999999999999,115.51666666666665
377.25,115.73,72.83,162.59,13.94,5.4,Moderate,747.7400000000001,124.62333333333335
178.77,263.58,249.36,37.11,25.73,17.47,Moderate,772.0200000000001,128.67000000000002
30.3,139.11,207.66,11.21,91.56,19.78,Moderate,499.62,83.27
217.99,86.73,178.1,100.61,31.52,9.18,Moderate,624.13,104.02166666666666
91.07,160.38,24.67,119.62,68.27,12.14,Low,476.15,79.35833333333333
303.77,202.85,164.19,58.35,33.45,18.34,Moderate,780.95,130.15833333333333
298.01,141.26,125.07,176.46,61.34,4.89,Moderate,807.03,134.505
194.92,49.01,34.38,199.55,29.58,14.12,Moderate,521.56,86.92666666666666
183.12,178.47,24.26,180.54,47.74,15.71,Moderate,629.84,104.97333333333334
356.78,16.37,197.48,21.68,13.31,2.88,Moderate,608.4999999999999,101.41666666666664
344.04,198.01,128.8,135.49,52.91,7.85,Moderate,867.0999999999999,144.51666666666665
112.72,291.19,173.88,162.04,72.15,10.89,Moderate,822.8699999999999,137.14499999999998
360.37,102.15,131.92,88.53,80.45,14.59,Moderate,778.01,129.66833333333332
124.49,228.93,135.06,47.27,93.77,8.68,Moderate,638.1999999999999,106.36666666666666
132.2,243.93,62.49,54.32,40.48,15.85,Moderate,549.27,91.545
240.48,173.88,167.27,166.86,36.88,9.56,Moderate,794.93,132.48833333333332
151.59,84.92,57.38,198.23,72.17,2.71,Moderate,567.0,94.5
300.76,37.87,33.73,191.14,33.04,14.39,Moderate,610.93,101.82166666666666
375.48,57.95,70.1,52.71,51.99,13.78,Moderate,622.01,103.66833333333334
88.67,188.55,35.64,61.35,5.1,13.95,Low,393.26000000000005,65.54333333333334
150.35,57.34,50.65,165.41,17.29,11.01,Low,452.05,75.34166666666667
166.07,133.93,202.14,174.07,7.52,12.13,Moderate,695.86,115.97666666666667
148.0,120.53,215.04,148.14,99.9,18.32,Moderate,749.93,124.98833333333333
152.79,205.23,173.36,67.9,83.07,9.24,Moderate,691.5899999999999,115.26499999999999
394.05,219.72,151.7,68.73,62.06,16.31,Moderate,912.5699999999999,152.095
183.54,25.5,76.26,177.33,34.92,13.32,Moderate,510.87,85.145
116.33,181.35,159.54,110.06,22.09,16.91,Moderate,606.28,101.04666666666667
317.56,239.41,36.12,112.71,37.93,13.66,Moderate,757.39,126.23166666666667
178.19,128.99,28.99,120.45,56.08,18.39,Moderate,531.09,88.515
240.16,113.24,63.08,47.19,26.1,0.3,Low,490.07,81.67833333333333
48.5,274.18,62.61,69.67,27.19,11.71,Moderate,493.86,82.31
318.37,178.48,27.8,47.76,7.06,7.87,Moderate,587.3399999999999,97.88999999999999
242.62,114.78,47.13,155.95,57.1,7.69,Moderate,625.2700000000001,104.21166666666669
264.19,97.91,178.46,134.63,20.33,9.75,Moderate,705.2700000000001,117.54500000000002
160.56,231.57,121.49,97.1,26.64,1.85,Moderate,639.21,106.53500000000001
46.78,122.49,213.08,30.81,78.45,19.29,Moderate,510.90000000000003,85.15
183.91,23.29,41.52,166.79,41.23,9.47,Low,466.21000000000004,77.70166666666667
32.17,144.61,211.98,162.52,74.61,3.7,Moderate,629.59,104.93166666666667
257.45,142.97,54.69,157.27,31.85,17.07,Moderate,661.3000000000001,110.21666666666668
325.62,71.52,23.43,172.46,30.86,0.45,Moderate,624.34,104.05666666666667
305.24,299.56,190.98,18.74,96.57,18.32,Moderate,929.41,154.90166666666667
209.46,108.61,87.18,23.43,76.93,8.97,Moderate,514.58,85.76333333333334
205.0,164.43,242.28,73.89,43.3,19.71,Moderate,748.61,124.76833333333333
191.01,76.26,101.41,142.87,61.29,6.96,Moderate,579.8,96.63333333333333
42.54,161.24,183.19,191.22,58.03,0.53,Moderate,636.75,106.125
389.93,71.32,140.47,24.8,17.18,0.29,Moderate,643.9899999999999,107.33166666666665
275.64,166.45,196.58,48.8,23.45,8.46,Moderate,719.38,119.89666666666666
100.63,143.9,66.65,12.14,73.98,10.27,Low,407.57,67.92833333333333
357.45,268.0,99.42,104.66,45.55,17.35,Moderate,892.43,148.73833333333332
154.81,263.28,98.54,186.51,25.55,7.82,Moderate,736.51,122.75166666666667
221.53,261.64,239.11,154.38,7.31,11.26,Moderate,895.2299999999999,149.20499999999998
38.67,216.71,32.15,35.53,51.88,5.3,Low,380.23999999999995,63.37333333333333
194.59,277.51,53.19,22.78,85.8,18.3,Moderate,652.1699999999998,108.69499999999998
342.97,137.36,211.82,109.0,20.72,10.22,Moderate,832.0900000000001,138.6816666666667
396.53,147.75,22.59,129.35,8.68,17.76,Moderate,722.66,120.44333333333333
273.76,203.36,25.8,36.28,16.65,12.71,Moderate,568.5600000000001,94.76
185.92,241.42,98.51,120.14,87.85,5.55,Moderate,739.39,123.23166666666667
93.9,249.06,66.92,149.53,83.91,6.92,Moderate,650.24,108.37333333333333
242.23,46.73,80.16,41.38,9.02,15.6,Low,435.12,72.52
139.25,268.07,211.38,143.21,64.67,10.47,Moderate,837.0500000000001,139.50833333333335
23.35,23.09,124.64,92.1,75.99,17.8,Low,356.96999999999997,59.495
380.55,237.47,216.88,198.16,35.62,7.22,High,1075.8999999999999,179.31666666666663
302.88,227.34,237.87,146.08,74.1,13.76,High,1002.0300000000001,167.00500000000002
339.4,66.38,169.15,151.93,90.25,16.87,Moderate,833.9799999999999,138.99666666666664
28.88,246.58,116.67,188.57,25.41,5.24,Moderate,611.35,101.89166666666667
147.37,103.45,54.75,135.14,15.36,15.56,Low,471.63,78.605
166.63,80.76,249.99,18.67,28.85,13.17,Moderate,558.0699999999999,93.01166666666666
29.27,75.01,217.57,186.58,73.84,7.26,Moderate,589.5300000000001,98.25500000000001
148.0,237.35,58.42,21.2,43.98,1.34,Moderate,510.29,85.04833333333333
255.99,54.05,232.99,158.97,74.96,2.61,Moderate,779.57,129.92833333333334
155.46,284.76,181.96,59.71,78.84,6.55,Moderate,767.2800000000001,127.88000000000001
152.62,224.86,47.37,98.33,76.07,10.57,Moderate,609.82,101.63666666666667
31.34,143.65,168.65,150.67,8.18,3.35,Moderate,505.84,84.30666666666666
124.1,162.19,148.3,195.05,5.38,15.65,Moderate,650.67,108.445
213.91,162.7,79.0,63.76,92.48,0.97,Moderate,612.82,102.13666666666667
371.51,272.24,243.67,183.54,90.37,9.52,High,1170.85,195.14166666666665
59.17,131.4,234.92,182.58,11.08,19.55,Moderate,638.7,106.45
307.07,129.96,232.18,130.18,55.98,3.74,Moderate,859.1100000000001,143.18500000000003
146.86,249.66,132.92,125.23,98.9,0.42,Moderate,753.9899999999999,125.66499999999998
179.19,160.65,220.97,190.97,28.39,4.2,Moderate,784.3700000000001,130.72833333333335
51.23,57.81,236.57,75.05,26.33,4.01,Low,451.0,75.16666666666667
354.0,255.42,65.08,120.45,43.94,6.52,Moderate,845.4100000000001,140.90166666666667
178.06,155.26,83.27,115.9,32.46,10.31,Moderate,575.26,95.87666666666667
312.01,220.79,155.24,181.31,13.77,1.89,Moderate,885.0099999999999,147.50166666666664
243.25,232.97,131.34,84.29,85.12,12.66,Moderate,789.63,131.605
141.55,285.86,199.35,98.7,19.74,1.54,Moderate,746.74,124.45666666666666
93.33,40.63,192.27,30.46,35.16,16.72,Low,408.57000000000005,68.09500000000001
194.75,40.82,81.64,96.85,10.74,16.84,Low,441.63999999999993,73.60666666666665
138.29,123.17,119.8,18.3,30.73,1.07,Low,431.36,71.89333333333333
278.51,248.44,146.61,54.36,66.82,5.82,Moderate,800.5600000000001,133.42666666666668
147.5,60.22,28.75,161.3,43.14,3.12,Low,444.03,74.005
281.45,111.18,158.1,59.53,79.77,2.31,Moderate,692.3399999999999,115.38999999999999
29.71,17.81,237.55,120.33,59.82,2.78,Low,467.99999999999994,77.99999999999999
222.84,44.32,240.18,177.92,96.08,10.57,Moderate,791.9100000000001,131.985
332.99,232.26,159.72,161.67,78.82,4.95,Moderate,970.4100000000001,161.735
89.77,176.11,168.18,148.87,85.55,0.25,Moderate,668.73,111.455
177.35,220.51,240.24,179.02,25.61,7.27,Moderate,850.0,141.66666666666666
131.78,234.52,34.57,66.91,94.02,4.95,Moderate,566.75,94.45833333333333
367.88,130.19,79.24,173.35,47.44,5.75,Moderate,803.8499999999999,133.975
197.89,273.22,186.78,189.72,36.48,19.8,Moderate,903.89,150.64833333333334
44.8,90.58,174.46,61.73,43.89,15.65,Low,431.11,71.85166666666667
370.6,117.78,94.94,138.57,84.56,8.37,Moderate,814.8199999999998,135.8033333333333
130.21,192.46,89.51,137.63,30.28,6.24,Moderate,586.3299999999999,97.72166666666665
337.41,90.37,191.12,16.51,48.79,17.11,Moderate,701.3100000000001,116.885
275.51,32.85,117.03,140.89,57.56,16.87,Moderate,640.7099999999999,106.78499999999998
262.43,268.34,106.22,65.9,29.01,14.6,Moderate,746.5,124.41666666666667
73.95,230.34,227.29,114.31,46.43,11.07,Moderate,703.3900000000001,117.23166666666668
334.19,179.89,101.77,198.94,73.26,15.77,Moderate,903.8199999999999,150.63666666666666
260.09,58.72,175.4,29.23,74.44,3.86,Moderate,601.7399999999999,100.28999999999998
20.87,137.97,42.4,105.62,18.28,4.22,Low,329.36,54.89333333333334
180.58,172.28,42.47,26.0,14.77,7.94,Low,444.04,74.00666666666667
158.83,281.04,198.46,55.73,9.09,10.45,Moderate,713.6000000000001,118.93333333333335
54.59,117.42,121.75,181.68,52.03,19.79,Moderate,547.26,91.21
286.04,100.77,48.59,143.94,18.36,5.17,Moderate,602.8699999999999,100.47833333333331
312.85,113.93,191.47,89.51,90.84,6.13,Moderate,804.73,134.12166666666667
134.46,192.9,103.56,162.59,41.62,17.71,Moderate,652.84,108.80666666666667
202.7,147.73,239.82,188.37,80.49,12.54,Moderate,871.65,145.275
388.19,29.11,122.73,27.45,85.08,6.14,Moderate,658.7,109.78333333333335
128.93,47.01,231.93,129.85,70.13,10.41,Moderate,618.26,103.04333333333334
150.17,237.95,136.6,83.61,58.9,9.37,Moderate,676.6,112.76666666666667
213.24,282.15,193.57,128.3,85.25,11.14,Moderate,913.65,152.275
239.32,24.6,164.42,114.81,77.64,15.34,Moderate,636.1300000000001,106.02166666666669
135.22,197.98,87.87,103.48,94.66,18.14,Moderate,637.3499999999999,106.22499999999998
341.04,261.87,207.87,142.74,60.69,18.01,High,1032.22,172.03666666666666
396.97,163.42,85.63,64.94,88.38,3.25,Moderate,802.59,133.76500000000001
84.55,223.19,153.46,10.27,97.37,7.7,Moderate,576.5400000000001,96.09000000000002
305.15,103.16,24.07,42.59,11.62,12.13,Moderate,498.7199999999999,83.11999999999999
348.43,160.92,46.58,179.66,59.78,13.06,Moderate,808.43,134.73833333333332
69.74,118.09,91.64,103.16,51.32,7.56,Low,441.51,73.585
99.45,118.47,160.67,147.38,97.1,19.61,Moderate,642.6800000000001,107.11333333333334
343.32,249.26,92.24,123.19,48.23,3.54,Moderate,859.78,143.29666666666665
31.36,112.81,238.62,56.81,25.37,1.87,Low,466.84000000000003,77.80666666666667
243.85,265.08,215.88,92.56,46.0,2.24,Moderate,865.6099999999999,144.26833333333332
374.18,110.18,173.65,164.34,91.79,4.69,Moderate,918.83,153.13833333333335
262.07,156.42,43.36,57.56,56.57,15.12,Moderate,591.1000000000001,98.5166666666667
61.83,245.82,172.18,139.64,59.08,5.79,Moderate,684.34,114.05666666666667
149.12,29.28,27.26,66.7,43.25,16.67,Low,332.28000000000003,55.38
40.58,204.76,204.84,16.81,73.76,0.9,Moderate,541.65,90.27499999999999
309.24,83.98,87.75,144.38,74.84,8.1,Moderate,708.2900000000001,118.04833333333335
282.15,183.16,58.76,101.22,53.75,6.83,Moderate,685.87,114.31166666666667
38.93,113.74,22.3,160.78,76.26,0.22,Low,412.23,68.705
153.72,33.07,88.25,195.39,32.52,6.95,Moderate,509.8999999999999,84.98333333333332
188.41,106.59,172.45,85.79,60.2,9.29,Moderate,622.73,103.78833333333334
42.83,176.03,127.49,138.02,23.19,13.07,Moderate,520.63,86.77166666666666
223.64,262.82,229.26,75.32,36.71,4.17,Moderate,831.92,138.65333333333334
111.12,55.42,177.89,101.82,37.83,13.01,Moderate,497.09,82.84833333333333
153.5,201.06,118.51,103.96,37.0,19.51,Moderate,633.54,105.58999999999999
150.9,219.94,24.7,164.56,53.67,2.11,Moderate,615.88,102.64666666666666
63.09,159.39,216.0,158.54,65.08,3.66,Moderate,665.76,110.96
204.66,214.43,99.56,179.05,87.31,0.56,Moderate,785.5699999999999,130.9283333333333
131.45,184.52,90.49,63.26,30.32,12.56,Moderate,512.6,85.43333333333334
45.95,284.75,120.77,136.24,97.38,2.62,Moderate,687.71,114.61833333333334
247.57,289.38,166.96,125.4,32.03,9.14,Moderate,870.48,145.08
378.93,277.89,144.7,40.09,11.26,6.03,Moderate,858.9,143.15
185.19,81.31,134.83,79.5,85.89,18.43,Moderate,585.15,97.52499999999999
102.47,164.86,185.62,23.76,84.63,10.14,Moderate,571.48,95.24666666666667
199.24,186.84,145.02,83.41,66.1,5.29,Moderate,685.9,114.31666666666666
142.61,38.65,57.85,164.49,96.97,7.82,Moderate,508.39000000000004,84.73166666666667
168.63,63.44,132.14,14.68,8.18,9.29,Low,396.36,66.06
279.27,140.04,167.97,87.27,99.22,8.68,Moderate,782.4499999999999,130.40833333333333
53.51,104.78,213.17,74.89,86.06,6.77,Moderate,539.18,89.86333333333333
139.27,62.65,74.74,120.36,30.08,0.37,Low,427.47,71.245
208.26,97.22,51.26,72.96,99.74,3.42,Moderate,532.8599999999999,88.80999999999999
125.37,154.4,47.19,27.79,88.85,11.31,Low,454.91,75.81833333333334
21.64,137.76,147.97,117.55,34.67,6.05,Low,465.64000000000004,77.60666666666667
298.85,43.07,200.8,34.77,60.68,17.68,Moderate,655.8499999999999,109.30833333333332
243.35,91.64,249.09,182.22,27.76,6.69,Moderate,800.7500000000001,133.45833333333334
285.94,80.24,227.89,141.69,59.39,13.39,Moderate,808.54,134.75666666666666
35.31,108.44,26.1,132.42,30.78,15.84,Low,348.88999999999993,58.14833333333332
145.7,153.52,191.99,32.19,24.82,0.47,Moderate,548.6900000000002,91.44833333333337
82.02,297.92,93.57,140.61,5.53,5.84,Moderate,625.49,104.24833333333333
109.63,219.98,162.53,58.12,11.62,2.17,Moderate,564.05,94.00833333333333
264.95,149.52,137.57,29.01,20.85,19.32,Moderate,621.22,103.53666666666668
352.54,84.44,150.55,144.22,19.9,18.12,Moderate,769.77,128.295
349.15,197.22,225.05,65.61,97.29,5.11,Moderate,939.4300000000001,156.5716666666667
32.33,97.64,107.67,39.93,36.28,7.71,Low,321.56,53.593333333333334
61.84,15.1,148.09,28.25,16.02,6.28,Low,275.58,45.93
361.19,96.82,57.07,116.4,35.12,5.46,Moderate,672.0600000000001,112.01
45.76,291.05,31.99,11.06,11.36,17.5,Low,408.72,68.12
162.1,176.17,145.18,34.83,88.07,1.89,Moderate,608.2399999999999,101.37333333333332
170.97,265.12,172.4,197.77,49.73,10.58,Moderate,866.57,144.42833333333334
259.7,47.52,29.14,147.61,77.3,9.98,Moderate,571.25,95.20833333333333
55.03,93.91,55.69,61.58,61.63,6.4,Low,334.23999999999995,55.706666666666656
174.76,192.33,68.67,62.47,85.1,1.6,Moderate,584.9300000000001,97.48833333333334
170.33,267.1,152.54,24.97,96.54,8.2,Moderate,719.6800000000001,119.94666666666667
342.6,292.51,177.6,22.11,81.78,18.47,Moderate,935.07,155.845
338.6,74.31,215.75,10.88,68.25,10.92,Moderate,718.71,119.78500000000001
283.06,258.73,235.87,192.67,27.4,17.68,High,1015.4099999999999,169.23499999999999
351.08,17.81,181.18,82.39,32.82,9.1,Moderate,674.38,112.39666666666666
183.86,266.93,114.54,103.4,46.2,13.34,Moderate,728.2700000000001,121.37833333333334
199.56,292.19,168.39,100.23,36.58,19.91,Moderate,816.86,136.14333333333335
35.97,103.53,27.03,11.55,10.29,9.53,Low,197.9,32.983333333333334
388.11,29.75,111.67,64.83,42.66,0.82,Moderate,637.84,106.30666666666667
254.14,38.27,109.04,35.83,82.17,3.83,Moderate,523.28,87.21333333333332
390.54,236.32,237.72,158.75,21.57,19.72,High,1064.6200000000001,177.4366666666667
168.14,296.05,52.08,181.73,16.01,8.87,Moderate,722.88,120.48
37.05,34.27,241.13,130.44,59.6,14.46,Moderate,516.95,86.15833333333335
163.12,112.97,27.76,165.91,51.92,15.99,Moderate,537.67,89.61166666666666
197.11,26.46,34.04,50.46,14.44,10.93,Low,333.44,55.57333333333333
68.17,247.81,81.59,30.56,48.69,0.12,Low,476.94000000000005,79.49000000000001
157.71,49.63,199.77,16.36,36.43,19.48,Low,479.38000000000005,79.89666666666668
96.75,171.72,153.15,62.18,75.69,5.33,Moderate,564.82,94.13666666666667
120.6,53.4,134.26,23.67,76.0,9.44,Low,417.37,69.56166666666667
239.02,257.03,247.26,129.95,57.01,14.0,Moderate,944.27,157.37833333333333
264.26,286.13,94.2,120.02,90.22,5.18,Moderate,860.01,143.335
373.86,289.75,47.34,80.78,73.55,11.97,Moderate,877.25,146.20833333333334
77.23,142.4,46.91,67.25,97.67,9.03,Low,440.48999999999995,73.41499999999999
112.61,52.09,136.08,141.74,63.16,10.45,Moderate,516.13,86.02166666666666
109.75,188.79,82.84,41.52,74.57,7.85,Moderate,505.32,84.22
192.54,230.86,235.65,140.77,32.79,4.3,Moderate,836.9099999999999,139.48499999999999
147.18,203.15,35.68,130.02,56.97,1.0,Moderate,574.0000000000001,95.66666666666669
397.89,89.56,145.99,65.11,86.56,9.29,Moderate,794.4000000000001,132.4
343.91,160.29,195.36,153.42,22.83,8.09,Moderate,883.9000000000001,147.3166666666667
343.51,176.71,191.84,123.18,60.73,3.42,Moderate,899.39,149.89833333333334
282.09,291.58,139.99,24.13,88.31,6.96,Moderate,833.06,138.84333333333333
191.77,209.67,143.95,187.52,14.93,16.47,Moderate,764.31,127.38499999999999
280.79,58.12,111.41,87.2,67.92,16.54,Moderate,621.98,103.66333333333334
24.9,209.36,120.94,60.35,56.63,12.93,Low,485.11000000000007,80.85166666666667
390.76,225.67,74.0,52.88,50.32,0.86,Moderate,794.49,132.415
63.35,288.15,125.23,157.36,27.12,17.17,Moderate,678.38,113.06333333333333
79.16,286.55,57.5,174.5,82.96,8.7,Moderate,689.3700000000001,114.89500000000002
288.14,76.38,199.19,39.8,39.43,15.34,Moderate,658.28,109.71333333333332
306.63,294.77,145.66,154.08,25.76,3.4,Moderate,930.3,155.04999999999998
303.13,101.84,211.61,128.9,85.36,11.83,Moderate,842.6700000000001,140.44500000000002
165.75,247.09,121.53,82.74,91.85,18.87,Moderate,727.83,121.305
127.94,241.28,96.2,49.33,70.43,10.66,Moderate,595.84,99.30666666666667
229.79,191.44,175.63,103.42,62.57,12.37,Moderate,775.22,129.20333333333335
137.46,220.59,176.59,26.09,41.48,12.45,Moderate,614.6600000000001,102.44333333333334
205.57,45.61,61.61,62.04,23.12,14.35,Low,412.30000000000007,68.71666666666668
24.77,144.71,215.79,27.35,85.53,18.76,Moderate,516.91,86.15166666666666
157.44,130.14,114.91,36.57,36.88,0.1,Low,476.04,79.34
314.58,70.46,153.96,14.96,59.68,12.38,Moderate,626.02,104.33666666666666
275.2,266.6,105.95,192.25,40.94,3.03,Moderate,883.97,147.32833333333335
268.15,295.28,42.44,41.04,64.21,11.86,Moderate,722.9799999999999,120.49666666666666
167.15,173.58,96.46,187.36,20.6,6.59,Moderate,651.74,108.62333333333333
209.93,125.88,45.05,183.22,89.01,12.86,Moderate,665.95,110.99166666666667
43.97,238.52,132.55,101.08,84.86,0.42,Moderate,601.4,100.23333333333333
395.27,32.47,158.01,15.03,84.83,5.54,Moderate,691.15,115.19166666666666
168.54,164.11,183.68,138.47,99.57,4.39,Moderate,758.7599999999999,126.45999999999998
396.23,60.21,94.02,92.07,89.48,3.17,Moderate,735.18,122.52999999999999
114.15,85.37,50.97,156.5,43.49,4.77,Low,455.25,75.875
367.25,150.66,149.14,142.32,35.75,0.96,Moderate,846.0799999999999,141.01333333333332
354.34,82.25,111.24,177.09,99.78,5.18,Moderate,829.8799999999999,138.3133333333333
60.1,270.75,81.4,191.62,55.84,7.42,Moderate,667.13,111.18833333333333
371.14,163.07,53.47,20.37,74.95,19.7,Moderate,702.7000000000002,117.11666666666669
46.36,203.56,135.62,87.99,69.57,10.16,Moderate,553.26,92.21
272.9,141.62,164.27,143.87,67.67,1.0,Moderate,791.3299999999999,131.88833333333332
306.5,16.19,200.9,161.31,65.09,6.3,Moderate,756.2900000000001,126.04833333333335
150.05,75.82,87.77,131.39,52.52,18.23,Moderate,515.78,85.96333333333332
338.6,56.69,46.71,46.54,71.57,14.98,Moderate,575.09,95.84833333333334
392.53,247.5,121.55,188.37,99.25,18.6,High,1067.7999999999997,177.9666666666666
23.6,278.72,119.03,183.24,44.24,16.02,Moderate,664.85,110.80833333333334
231.87,49.95,226.55,180.41,64.83,3.51,Moderate,757.12,126.18666666666667
372.52,218.89,39.91,75.99,34.83,14.77,Moderate,756.91,126.15166666666666
386.12,100.92,68.38,17.1,40.41,16.84,Moderate,629.7700000000001,104.96166666666669
357.58,27.63,178.46,38.35,69.64,9.33,Moderate,680.99,113.49833333333333
50.27,160.75,225.13,62.35,78.48,15.6,Moderate,592.58,98.76333333333334
269.26,229.29,160.1,117.75,84.74,10.53,Moderate,871.67,145.27833333333334
76.61,70.9,191.88,180.7,82.53,13.28,Moderate,615.8999999999999,102.64999999999998
178.67,195.32,160.34,16.26,7.83,17.74,Moderate,576.1600000000001,96.02666666666669
233.89,67.85,117.81,15.36,48.81,12.93,Moderate,496.65000000000003,82.775
213.56,175.02,73.37,142.91,57.75,10.9,Moderate,673.51,112.25166666666667
37.81,252.75,79.19,80.48,31.46,14.62,Moderate,496.31,82.71833333333333
160.71,98.01,71.11,129.03,47.81,19.98,Moderate,526.65,87.77499999999999
292.87,257.84,198.47,13.5,28.14,16.61,Moderate,807.4300000000001,134.5716666666667
51.34,144.48,59.59,31.7,75.88,8.79,Low,371.78000000000003,61.96333333333334
321.19,158.99,93.56,107.33,33.03,13.62,Moderate,727.72,121.28666666666668
251.13,21.1,168.23,190.43,15.76,13.1,Moderate,659.7500000000001,109.95833333333336
134.57,98.25,145.99,151.69,42.58,7.69,Moderate,580.7700000000001,96.79500000000002
221.5,295.69,114.03,155.82,62.41,19.65,Moderate,869.0999999999999,144.85
395.8,105.46,49.8,132.74,17.65,11.95,Moderate,713.4,118.89999999999999
93.89,215.75,90.49,198.97,86.69,11.17,Moderate,696.9599999999999,116.15999999999998
330.83,37.36,99.42,176.69,69.58,17.28,Moderate,731.16,121.86
290.85,32.76,41.45,160.9,62.88,19.13,Moderate,607.97,101.32833333333333
104.15,152.06,26.23,118.63,31.55,1.62,Low,434.24000000000007,72.37333333333335
233.31,116.52,115.94,88.32,56.46,3.48,Moderate,614.03,102.33833333333332
22.4,178.6,109.41,19.1,13.91,13.66,Low,357.08000000000004,59.51333333333334
75.64,257.56,78.14,118.17,6.26,11.3,Moderate,547.0699999999999,91.17833333333333
87.19,151.73,94.17,132.86,79.45,18.96,Moderate,564.36,94.06
151.78,94.22,28.7,133.55,68.68,11.89,Low,488.82,81.47
248.02,98.22,85.06,76.33,58.9,12.16,Moderate,578.6899999999999,96.44833333333332
120.75,15.44,89.71,66.14,86.15,19.24,Low,397.42999999999995,66.23833333333333
127.2,128.6,244.91,121.9,14.25,1.83,Moderate,638.69,106.44833333333334
311.41,218.35,102.34,112.95,18.17,1.13,Moderate,764.35,127.39166666666667
342.71,145.26,27.62,51.71,49.47,6.09,Moderate,622.86,103.81
153.26,85.12,144.66,91.67,31.23,12.76,Moderate,518.7,86.45
379.14,114.72,73.28,15.06,56.51,4.59,Moderate,643.3,107.21666666666665
324.34,200.47,201.86,132.25,70.08,2.59,Moderate,931.59,155.26500000000001
64.7,165.07,20.83,154.41,42.53,5.64,Low,453.17999999999995,75.52999999999999
194.01,93.74,139.3,36.29,10.52,1.92,Low,475.78000000000003,79.29666666666667
284.8,209.74,106.95,58.83,67.8,13.57,Moderate,741.69,123.61500000000001
302.83,240.2,158.87,60.99,90.14,3.58,Moderate,856.61,142.76833333333335
144.58,71.69,81.41,26.62,84.91,13.83,Low,423.04,70.50666666666667
225.78,202.94,245.96,193.28,22.69,11.28,Moderate,901.9300000000001,150.3216666666667
88.32,179.69,109.52,24.37,80.48,4.73,Low,487.11,81.185
295.27,147.43,221.07,106.27,9.67,8.81,Moderate,788.5199999999999,131.42
309.52,126.05,214.75,179.4,56.39,12.57,Moderate,898.68,149.78
359.0,24.33,110.7,66.02,51.31,17.14,Moderate,628.4999999999999,104.74999999999999
188.29,46.11,241.17,182.93,89.74,5.28,Moderate,753.52,125.58666666666666
197.85,247.36,126.51,163.96,76.49,19.72,Moderate,831.8900000000001,138.64833333333334
145.5,294.32,218.73,140.96,81.82,18.55,Moderate,899.8799999999999,149.98
141.8,110.76,122.08,57.75,7.42,7.14,Low,446.95,74.49166666666666
356.63,223.42,123.52,41.74,70.6,19.3,Moderate,835.2099999999999,139.20166666666665
201.86,68.73,132.6,73.38,42.06,0.44,Moderate,519.0700000000002,86.5116666666667
327.07,267.16,123.8,18.75,20.62,19.27,Moderate,776.67,129.445
329.02,64.7,202.87,122.81,28.31,10.5,Moderate,758.2099999999998,126.3683333333333
121.13,112.81,187.62,95.8,97.5,12.58,Moderate,627.44,104.57333333333334
364.04,109.9,187.44,140.05,79.23,0.81,Moderate,881.47,146.91166666666666
385.73,75.01,46.66,186.31,79.21,8.7,Moderate,781.6200000000001,130.27
398.65,118.08,27.04,117.49,18.34,15.56,Moderate,695.16,115.86
398.01,200.21,247.75,21.38,47.09,18.84,Moderate,933.2800000000001,155.54666666666668
297.75,240.33,25.46,82.07,41.74,8.21,Moderate,695.5600000000002,115.92666666666669
81.03,136.71,168.33,64.28,89.82,10.21,Moderate,550.3800000000001,91.73000000000002
394.55,148.81,243.09,171.54,27.49,13.3,High,998.78,166.46333333333334
42.17,151.18,156.91,160.47,77.2,1.86,Moderate,589.7900000000001,98.29833333333335
84.63,139.7,151.18,137.78,69.27,12.96,Moderate,595.52,99.25333333333333
342.84,95.32,101.59,142.56,92.36,15.35,Moderate,790.02,131.67
155.81,251.91,72.24,63.21,9.11,4.13,Moderate,556.4100000000001,92.73500000000001
256.04,58.25,68.82,87.96,15.51,17.83,Moderate,504.40999999999997,84.06833333333333
49.23,238.35,35.96,46.16,88.2,14.88,Low,472.7799999999999,78.79666666666665
388.67,211.28,53.37,98.54,82.1,0.36,Moderate,834.32,139.05333333333334
272.56,236.53,155.96,86.59,25.95,15.96,Moderate,793.5500000000002,132.25833333333335
274.74,234.39,36.85,92.38,57.88,13.1,Moderate,709.34,118.22333333333334
310.16,136.14,31.3,52.96,83.1,17.26,Moderate,630.9200000000001,105.15333333333335
214.49,33.32,84.98,79.35,72.37,4.54,Low,489.05,81.50833333333334
138.28,166.21,147.53,125.36,68.16,18.86,Moderate,664.4,110.73333333333333
86.93,24.93,202.65,76.55,85.93,0.29,Low,477.28000000000003,79.54666666666667
283.33,209.62,180.54,28.86,56.55,13.8,Moderate,772.6999999999999,128.78333333333333
374.05,128.62,160.51,148.71,76.26,18.7,Moderate,906.8500000000001,151.14166666666668
396.93,80.31,187.07,174.96,44.93,1.19,Moderate,885.39,147.565
377.04,270.73,89.94,155.58,86.69,17.54,High,997.52,166.25333333333333
128.01,42.64,36.89,174.69,30.79,4.47,Low,417.49,69.58166666666666
117.58,256.51,95.4,55.53,10.58,5.28,Moderate,540.88,90.14666666666666
127.44,226.86,150.84,195.53,26.36,5.18,Moderate,732.2099999999999,122.03499999999998
215.95,216.31,147.28,156.04,19.63,19.26,Moderate,774.4699999999999,129.07833333333332
211.91,69.34,188.67,189.06,8.13,5.28,Moderate,672.39,112.065
50.53,126.94,43.2,137.12,53.33,15.08,Low,426.2,71.03333333333333
350.06,162.21,161.45,136.76,37.29,2.02,Moderate,849.79,141.63166666666666
343.47,40.87,91.06,85.88,66.53,14.23,Moderate,642.04,107.00666666666666
143.32,225.16,146.85,180.9,19.68,1.38,Moderate,717.29,119.54833333333333
364.14,268.81,42.55,174.01,59.94,4.32,Moderate,913.7700000000001,152.29500000000002
155.44,138.77,245.09,157.7,61.56,1.24,Moderate,759.8,126.63333333333333
129.1,141.9,113.21,22.06,7.73,14.83,Low,428.83,71.47166666666666
288.32,214.17,96.42,174.29,14.87,1.63,Moderate,789.6999999999999,131.61666666666665
29.55,242.03,119.14,93.07,94.27,18.99,Moderate,597.05,99.50833333333333
102.44,173.4,209.66,179.78,17.95,13.83,Moderate,697.0600000000001,116.17666666666668
29.52,299.27,134.38,98.73,65.49,3.36,Moderate,630.75,105.125
129.39,235.64,137.14,179.72,73.82,0.65,Moderate,756.36,126.06
293.04,177.49,149.66,142.51,89.19,19.73,Moderate,871.6200000000001,145.27
397.9,180.3,133.9,107.84,49.76,10.84,Moderate,880.5400000000001,146.7566666666667
388.83,182.59,63.34,167.9,59.23,19.49,Moderate,881.38,146.89666666666668
284.13,61.0,166.02,132.87,50.84,2.63,Moderate,697.49,116.24833333333333
335.81,201.32,207.28,33.94,93.04,3.84,Moderate,875.2299999999999,145.87166666666664
106.83,71.23,202.4,12.46,52.4,6.78,Low,452.09999999999997,75.35
53.2,244.81,122.33,194.18,55.71,11.82,Moderate,682.0500000000001,113.67500000000001
30.83,255.28,92.87,167.5,98.9,7.64,Moderate,653.02,108.83666666666666
69.28,35.96,115.54,179.2,94.4,2.32,Moderate,496.7,82.78333333333333
329.45,110.8,92.57,20.08,10.98,0.47,Moderate,564.35,94.05833333333334
280.43,30.17,233.05,67.57,38.5,18.58,Moderate,668.3000000000001,111.38333333333334
381.06,209.59,204.87,60.77,57.96,7.05,Moderate,921.3,153.54999999999998
81.0,98.56,241.18,67.45,80.01,3.48,Moderate,571.6800000000001,95.28000000000002
224.95,209.3,219.84,162.69,10.77,19.32,Moderate,846.87,141.145
97.81,250.08,22.31,29.73,89.61,17.39,Moderate,506.93,84.48833333333333
247.45,96.61,202.23,62.47,22.17,12.63,Moderate,643.56,107.25999999999999
354.93,140.98,175.17,11.28,29.94,8.5,Moderate,720.8,120.13333333333333
296.78,245.33,104.16,64.76,76.03,5.53,Moderate,792.5899999999999,132.09833333333333
311.7,157.14,220.09,168.96,11.79,12.72,Moderate,882.4,147.06666666666666
143.02,225.83,246.35,118.74,5.04,11.93,Moderate,750.91,125.15166666666666
74.66,281.61,248.03,74.58,20.87,2.51,Moderate,702.26,117.04333333333334
97.69,207.84,36.48,105.18,98.14,14.55,Moderate,559.88,93.31333333333333
97.65,129.81,117.3,99.2,38.34,4.94,Low,487.23999999999995,81.20666666666666
167.46,167.07,36.91,46.89,43.61,4.73,Low,466.66999999999996,77.77833333333332
128.99,221.62,201.2,69.48,76.09,13.99,Moderate,711.37,118.56166666666667
36.88,221.31,240.39,29.46,24.9,8.12,Moderate,561.06,93.50999999999999
150.24,285.68,175.52,163.98,75.79,7.77,Moderate,858.98,143.16333333333333
54.82,172.5,101.19,133.51,54.61,3.95,Moderate,520.58,86.76333333333334
346.73,269.86,185.24,56.46,26.76,1.17,Moderate,886.22,147.70333333333335
215.19,212.76,44.8,120.19,97.5,4.3,Moderate,694.74,115.79
56.01,75.85,88.41,133.25,60.8,16.57,Low,430.89,71.815
360.36,54.02,153.08,67.76,54.43,1.57,Moderate,691.22,115.20333333333333
386.86,104.27,236.62,62.71,57.82,3.93,Moderate,852.21,142.035
370.56,212.39,99.2,73.96,81.0,6.6,Moderate,843.7100000000002,140.61833333333337
308.1,261.68,104.84,23.8,48.42,5.3,Moderate,752.1399999999999,125.35666666666664
294.0,96.45,143.59,66.27,90.39,6.22,Moderate,696.92,116.15333333333332
200.97,290.86,164.84,79.51,83.05,16.4,Moderate,835.63,139.27166666666668
323.47,30.38,69.97,75.58,10.94,10.81,Moderate,521.15,86.85833333333333
337.64,136.92,47.28,47.35,10.91,6.52,Moderate,586.6199999999999,97.76999999999998
31.52,52.71,138.75,57.1,76.82,3.93,Low,360.83000000000004,60.13833333333334
79.1,134.42,42.86,40.12,22.62,9.85,Low,328.97,54.82833333333334
392.36,162.33,223.74,87.56,10.51,8.87,Moderate,885.37,147.56166666666667
349.38,17.86,181.79,168.99,5.57,11.24,Moderate,734.83,122.47166666666668
342.28,230.26,194.49,130.19,71.5,15.05,Moderate,983.77,163.96166666666667
339.32,144.07,54.6,132.48,38.14,1.96,Moderate,710.57,118.42833333333334
356.5,229.08,160.56,173.63,31.0,5.29,Moderate,956.0600000000001,159.34333333333333
68.24,45.94,107.92,47.98,66.52,2.55,Low,339.15,56.525
306.13,239.01,26.79,66.3,89.89,16.26,Moderate,744.3799999999999,124.06333333333332
299.23,173.66,213.07,118.12,86.83,12.4,Moderate,903.3100000000001,150.55166666666668
263.68,52.76,120.0,128.7,15.06,18.99,Moderate,599.1899999999999,99.865
282.63,64.72,222.93,166.84,54.89,19.5,Moderate,811.51,135.25166666666667
265.78,43.9,62.58,78.18,92.34,13.58,Moderate,556.36,92.72666666666667
295.54,148.36,122.87,54.07,76.55,3.65,Moderate,701.04,116.83999999999999
245.6,49.21,153.14,157.84,78.05,6.96,Moderate,690.8,115.13333333333333
205.78,27.39,205.46,21.61,91.08,13.4,Moderate,564.72,94.12
234.09,91.61,34.48,106.93,25.55,14.88,Moderate,507.54,84.59
39.28,269.2,30.17,191.89,33.04,15.03,Moderate,578.6099999999999,96.43499999999999
399.71,235.32,210.58,192.65,62.9,18.12,High,1119.28,186.54666666666665
350.65,278.12,186.73,111.18,31.3,9.34,Moderate,967.32,161.22
128.38,178.86,235.36,96.24,84.79,19.92,Moderate,743.55,123.925
66.9,100.52,51.72,117.2,96.81,16.41,Low,449.56000000000006,74.92666666666668
292.79,239.16,90.71,165.05,45.94,5.78,Moderate,839.4300000000001,139.905
225.7,22.07,74.0,37.07,16.31,3.83,Low,378.97999999999996,63.16333333333333
239.9,24.49,105.96,27.79,25.13,19.05,Low,442.32,73.72
284.27,261.98,152.48,75.19,25.2,13.3,Moderate,812.4200000000001,135.40333333333334
358.37,140.49,234.38,59.68,85.47,18.27,Moderate,896.66,149.44333333333333
234.69,79.32,69.4,139.45,19.87,14.37,Moderate,557.0999999999999,92.84999999999998
244.74,291.3,28.32,127.18,6.48,8.9,Moderate,706.92,117.82
129.33,133.62,229.24,127.53,23.43,3.43,Moderate,646.5799999999999,107.76333333333332
23.82,113.68,59.12,109.65,80.12,2.02,Low,388.40999999999997,64.735
342.69,93.15,98.02,42.15,99.71,5.65,Moderate,681.37,113.56166666666667
395.66,21.07,151.44,150.52,50.9,1.11,Moderate,770.7,128.45000000000002
156.97,224.35,57.6,33.17,81.56,13.83,Moderate,567.4800000000001,94.58000000000003
166.63,151.72,209.35,159.58,54.86,18.1,Moderate,760.2400000000001,126.70666666666669
396.0,134.27,203.7,70.96,52.14,3.04,Moderate,860.11,143.35166666666666
102.1,218.27,123.84,40.83,6.74,4.43,Moderate,496.21000000000004,82.70166666666667
378.32,69.34,28.88,171.95,83.58,13.09,Moderate,745.1600000000001,124.19333333333334
188.37,19.72,77.49,93.05,71.74,11.88,Low,462.25,77.04166666666667
279.39,119.07,82.27,77.57,28.04,10.68,Moderate,597.0199999999999,99.50333333333332
265.57,176.34,120.3,40.14,99.24,12.01,Moderate,713.5999999999999,118.93333333333332
152.75,65.23,66.13,28.84,60.82,15.11,Low,388.88,64.81333333333333
100.07,198.07,138.35,119.11,35.75,18.29,Moderate,609.64,101.60666666666667
349.78,57.0,242.12,34.49,78.13,0.1,Moderate,761.62,126.93666666666667
278.29,296.26,214.47,26.37,53.59,17.68,Moderate,886.66,147.77666666666667
261.48,243.09,114.25,19.13,17.65,11.03,Moderate,666.63,111.105
375.71,57.83,222.18,46.85,23.34,1.55,Moderate,727.46,121.24333333333334
103.48,85.89,101.8,35.5,41.08,11.69,Low,379.44,63.24
25.3,148.62,50.51,22.75,19.52,18.02,Low,284.71999999999997,47.453333333333326
307.38,255.61,168.0,181.36,50.6,14.35,Moderate,977.3000000000001,162.88333333333335
172.67,266.59,86.29,59.55,75.38,13.47,Moderate,673.9499999999999,112.32499999999999
376.57,280.8,152.91,114.74,51.02,14.66,Moderate,990.6999999999999,165.11666666666665
386.67,286.79,50.78,109.6,25.11,5.55,Moderate,864.5,144.08333333333334
276.17,59.24,112.31,116.65,66.01,3.03,Moderate,633.41,105.56833333333333
197.47,156.16,247.25,89.6,52.56,5.73,Moderate,748.77,124.795
135.53,97.25,113.84,112.86,34.28,0.53,Moderate,494.28999999999996,82.38166666666666
277.8,79.7,84.12,25.92,13.31,18.35,Moderate,499.20000000000005,83.2
248.71,87.6,22.28,136.3,50.63,15.08,Moderate,560.6000000000001,93.43333333333335
75.55,187.11,115.73,157.78,97.1,3.67,Moderate,636.94,106.15666666666668
112.28,233.54,75.35,91.29,7.13,16.03,Moderate,535.6199999999999,89.26999999999998
32.71,87.25,87.87,92.58,76.16,17.52,Low,394.09000000000003,65.68166666666667
279.39,239.8,125.36,86.74,37.9,14.07,Moderate,783.2600000000001,130.54333333333335
148.02,168.05,246.61,198.88,84.08,7.72,Moderate,853.3600000000001,142.2266666666667
202.76,47.78,48.56,199.58,87.3,5.45,Moderate,591.4300000000001,98.57166666666667
60.32,175.12,150.77,182.69,67.0,11.19,Moderate,647.0900000000001,107.84833333333336
119.72,39.71,227.34,79.61,64.4,4.56,Moderate,535.3399999999999,89.22333333333331
90.5,88.42,33.7,137.03,50.2,1.44,Low,401.28999999999996,66.88166666666666
65.61,82.27,160.17,117.5,35.24,16.76,Low,477.54999999999995,79.59166666666665
256.63,146.71,83.27,138.09,45.04,4.98,Moderate,674.72,112.45333333333333
56.8,165.06,165.09,107.92,35.03,13.55,Moderate,543.45,90.575
107.96,281.69,117.38,101.91,77.27,15.31,Moderate,701.5199999999999,116.91999999999997
382.12,72.84,241.12,31.59,74.43,7.64,Moderate,809.7400000000001,134.95666666666668
190.17,88.4,21.34,117.47,16.06,4.66,Low,438.1,73.01666666666667
196.97,298.75,101.94,98.61,63.7,5.39,Moderate,765.3600000000001,127.56000000000002
234.18,231.53,224.65,199.27,13.1,0.56,Moderate,903.29,150.54833333333332
125.09,298.72,206.91,145.83,57.23,16.0,Moderate,849.7800000000001,141.63000000000002
83.08,169.07,36.28,170.57,94.41,15.05,Moderate,568.4599999999999,94.74333333333333
266.47,166.24,196.1,163.72,15.54,9.77,Moderate,817.84,136.30666666666667
22.64,210.63,56.95,21.66,37.01,16.41,Low,365.3,60.88333333333333
222.72,177.96,56.5,102.36,29.01,8.71,Moderate,597.26,99.54333333333334
179.95,148.82,204.04,187.25,81.92,13.15,Moderate,815.1299999999999,135.855
369.52,34.77,144.58,148.24,39.89,7.42,Moderate,744.42,124.07
336.7,186.75,113.5,119.86,6.4,19.28,Moderate,782.49,130.415
115.81,147.44,244.15,179.62,26.77,6.86,Moderate,720.65,120.10833333333333
242.33,252.07,134.92,34.88,11.37,8.38,Moderate,683.9499999999999,113.99166666666666
315.44,221.16,186.89,19.16,70.97,17.85,Moderate,831.47,138.57833333333335
145.04,287.88,64.01,77.6,47.64,15.05,Moderate,637.2199999999999,106.20333333333332
257.92,140.0,179.57,125.6,71.3,5.9,Moderate,780.29,130.04833333333332
159.51,265.07,239.31,23.74,18.59,14.96,Moderate,721.1800000000001,120.19666666666667
191.08,208.13,233.54,199.98,46.5,11.67,Moderate,890.9,148.48333333333332
241.96,288.38,241.2,37.28,34.57,18.05,Moderate,861.4399999999999,143.57333333333332
191.28,198.62,54.1,94.84,37.15,0.28,Moderate,576.27,96.045
394.27,84.33,34.42,119.45,15.02,18.8,Moderate,666.29,111.04833333333333
353.06,23.24,225.97,185.93,51.62,4.25,Moderate,844.07,140.67833333333334
26.52,146.13,78.67,134.32,50.71,14.98,Low,451.33,75.22166666666666
105.82,192.05,133.75,144.46,96.85,19.19,Moderate,692.1200000000001,115.35333333333335
177.85,181.63,206.83,76.81,27.92,8.07,Moderate,679.1100000000001,113.18500000000002
302.24,114.35,21.33,176.15,16.91,9.81,Moderate,640.79,106.79833333333333
260.23,155.34,172.57,163.61,48.43,0.96,Moderate,801.1400000000001,133.52333333333334
370.99,241.08,42.6,53.76,22.49,11.47,Moderate,742.3900000000001,123.73166666666668
58.6,139.76,93.81,113.48,58.84,16.93,Low,481.42,80.23666666666666
341.37,266.06,58.42,94.62,92.19,3.66,Moderate,856.32,142.72
331.55,263.54,57.7,60.4,29.73,0.15,Moderate,743.07,123.84500000000001
350.41,129.22,38.22,184.28,33.89,16.07,Moderate,752.09,125.34833333333334
303.33,99.83,85.46,18.9,53.45,3.91,Moderate,564.8799999999999,94.14666666666665
333.49,248.3,229.67,107.25,58.04,2.87,Moderate,979.6199999999999,163.26999999999998
362.99,96.75,148.12,99.73,53.03,3.46,Moderate,764.08,127.34666666666668
203.85,141.16,197.1,172.29,71.2,10.45,Moderate,796.0500000000001,132.675
272.1,38.47,220.91,164.83,67.58,6.42,Moderate,770.3100000000001,128.38500000000002
281.39,24.5,67.57,53.15,18.4,14.1,Low,459.10999999999996,76.51833333333333
167.15,118.82,140.38,185.1,41.84,0.43,Moderate,653.72,108.95333333333333
360.73,60.3,39.86,173.65,6.73,1.55,Moderate,642.82,107.13666666666667
98.16,75.57,148.96,130.23,39.51,13.55,Moderate,505.97999999999996,84.33
201.71,112.92,160.46,124.22,49.04,11.76,Moderate,660.11,110.01833333333333
204.18,210.99,74.65,121.74,72.23,1.25,Moderate,685.0400000000001,114.17333333333335
251.52,166.42,46.89,16.08,27.48,17.68,Moderate,526.0699999999999,87.67833333333333
323.67,43.36,82.72,124.02,30.67,8.43,Moderate,612.8699999999999,102.14499999999998
101.72,47.55,153.42,128.17,37.3,14.61,Low,482.7699999999999,80.46166666666666
38.63,120.9,194.31,192.17,63.76,11.09,Moderate,620.86,103.47666666666667
88.07,235.2,222.8,137.28,6.33,2.06,Moderate,691.7399999999999,115.28999999999998
377.62,296.14,43.11,159.49,28.88,17.52,Moderate,922.76,153.79333333333332
200.86,33.35,42.41,54.75,73.06,6.03,Low,410.46,68.41
332.82,77.55,100.62,165.86,92.28,13.51,Moderate,782.64,130.44
44.13,226.47,114.23,67.87,63.14,8.39,Moderate,524.23,87.37166666666667
186.02,224.44,117.88,109.49,65.68,14.21,Moderate,717.72,119.62
309.09,222.28,34.64,136.13,30.5,16.04,Moderate,748.68,124.77999999999999
112.75,56.77,125.01,91.21,97.54,4.58,Moderate,487.86,81.31
260.16,137.75,141.74,83.59,53.83,9.24,Moderate,686.3100000000002,114.38500000000003
29.86,27.64,216.13,48.92,12.75,14.56,Low,349.86,58.31
91.81,53.46,231.74,80.09,38.96,14.94,Moderate,511.0,85.16666666666667
72.27,188.6,153.39,44.12,53.85,10.24,Moderate,522.47,87.07833333333333
112.84,100.59,90.25,70.71,93.41,7.33,Low,475.12999999999994,79.18833333333332
362.94,78.33,102.19,122.36,55.72,18.78,Moderate,740.32,123.38666666666667
126.0,159.23,53.33,92.9,10.86,2.78,Low,445.1,74.18333333333334
167.41,294.87,43.17,185.51,28.56,13.92,Moderate,733.4399999999999,122.24
192.08,172.77,247.81,27.0,88.81,16.33,Moderate,744.8000000000001,124.13333333333334
394.64,129.05,137.03,101.73,85.53,16.13,Moderate,864.11,144.01833333333335
381.41,243.21,238.82,164.74,96.14,16.66,High,1140.9800000000002,190.16333333333338
237.02,234.9,128.56,44.52,8.59,15.8,Moderate,669.39,111.565
83.83,235.01,55.36,173.22,57.36,4.9,Moderate,609.68,101.61333333333333
350.01,246.94,241.82,184.83,11.51,2.61,High,1037.72,172.95333333333335
353.32,68.91,188.76,58.26,91.13,15.06,Moderate,775.4399999999999,129.23999999999998
181.96,29.57,139.85,86.49,39.22,14.17,Moderate,491.26000000000005,81.87666666666668
305.04,182.92,172.71,30.69,28.35,4.16,Moderate,723.8700000000001,120.64500000000002
181.17,101.85,117.82,100.92,39.34,6.26,Moderate,547.36,91.22666666666667
329.47,140.01,173.57,106.97,61.87,0.45,Moderate,812.34,135.39000000000001
172.81,280.81,200.71,30.62,29.88,19.09,Moderate,733.9200000000001,122.32000000000001
21.22,167.54,91.5,159.23,86.82,17.74,Moderate,544.05,90.675
195.83,203.54,173.8,18.22,38.56,16.4,Moderate,646.35,107.72500000000001
212.52,45.58,85.21,190.74,89.75,10.83,Moderate,634.63,105.77166666666666
336.63,222.92,27.52,33.36,17.79,15.42,Moderate,653.6399999999999,108.93999999999998
228.61,222.86,92.11,162.86,26.45,5.05,Moderate,737.94,122.99000000000001
303.86,16.59,107.75,42.74,72.49,12.0,Moderate,555.43,92.57166666666666
110.34,154.41,48.36,21.47,29.19,2.73,Low,366.50000000000006,61.08333333333334
123.31,237.05,241.25,186.19,6.36,1.94,Moderate,796.1,132.68333333333334
338.3,86.25,208.08,89.72,61.3,5.32,Moderate,788.97,131.495
205.99,136.01,27.86,36.52,97.57,4.29,Moderate,508.24,84.70666666666666
46.84,152.7,229.37,153.49,97.05,16.49,Moderate,695.9399999999999,115.99
239.77,62.27,212.07,18.59,45.91,1.71,Moderate,580.32,96.72000000000001
246.25,226.9,45.93,24.58,93.24,12.67,Moderate,649.5699999999999,108.26166666666666
246.37,135.83,246.5,54.09,7.97,3.56,Moderate,694.32,115.72000000000001
342.44,118.18,176.91,53.2,57.89,6.05,Moderate,754.67,125.77833333333332
153.79,131.27,239.75,26.6,80.36,1.41,Moderate,633.18,105.52999999999999
398.27,255.29,128.43,178.45,37.64,0.47,High,998.5500000000001,166.425
351.66,96.45,44.64,138.76,60.86,7.02,Moderate,699.39,116.565
34.76,147.85,216.92,134.67,23.62,16.22,Moderate,574.04,95.67333333333333
148.1,185.24,92.77,91.75,87.43,2.03,Moderate,607.3199999999999,101.21999999999998
173.96,217.22,242.92,55.86,46.87,0.78,Moderate,737.61,122.935
197.31,178.42,135.08,159.47,41.91,9.08,Moderate,721.2700000000001,120.21166666666669
99.6,94.17,23.65,147.6,20.64,10.32,Low,395.97999999999996,65.99666666666666
333.58,97.15,129.77,85.88,14.02,5.51,Moderate,665.91,110.985
255.05,23.11,175.55,69.66,25.68,16.16,Moderate,565.2099999999999,94.20166666666665
113.68,250.64,85.21,132.21,74.13,3.73,Moderate,659.6,109.93333333333334
56.63,186.96,107.67,123.05,23.45,16.8,Moderate,514.56,85.75999999999999
119.54,127.98,40.87,24.24,85.03,15.26,Low,412.91999999999996,68.82
370.73,140.45,92.6,167.73,21.87,2.38,Moderate,795.76,132.62666666666667
396.43,37.04,248.88,77.87,68.3,2.09,Moderate,830.61,138.435
302.35,241.38,29.44,62.64,35.59,19.19,Moderate,690.5900000000001,115.09833333333336
381.19,184.42,28.78,199.55,49.36,16.64,Moderate,859.94,143.32333333333335
383.07,96.01,244.42,178.1,48.77,1.94,Moderate,952.3100000000001,158.71833333333333
234.71,49.59,105.68,105.31,63.85,15.53,Moderate,574.67,95.77833333333332
53.44,174.77,178.57,74.09,19.08,7.19,Moderate,507.14,84.52333333333333
396.41,102.63,87.32,168.4,86.56,19.0,Moderate,860.3199999999999,143.38666666666666
308.89,200.1,132.47,156.79,98.49,2.94,Moderate,899.6800000000001,149.9466666666667
206.38,62.45,206.86,73.67,29.45,9.34,Moderate,588.1500000000001,98.02500000000002
108.0,32.83,193.16,68.44,67.77,10.62,Low,480.82,80.13666666666667
399.77,274.85,211.56,173.48,36.36,9.23,High,1105.25,184.20833333333334
213.7,162.84,229.88,88.9,80.73,11.76,Moderate,787.81,131.30166666666665
185.64,100.45,186.97,32.19,7.81,6.28,Moderate,519.3399999999999,86.55666666666666
239.68,177.97,160.69,108.04,76.25,19.48,Moderate,782.1099999999999,130.35166666666666
288.85,279.86,241.03,86.82,31.14,14.08,Moderate,941.78,156.96333333333334
99.98,19.76,215.74,76.74,6.72,4.21,Low,423.15000000000003,70.525
355.76,186.59,93.2,158.47,7.84,12.92,Moderate,814.7800000000001,135.79666666666668
138.26,64.36,246.38,106.88,33.79,1.85,Moderate,591.52,98.58666666666666
202.79,255.44,67.7,62.45,66.37,13.99,Moderate,668.7400000000001,111.45666666666669
324.04,148.73,220.69,78.02,8.43,7.87,Moderate,787.78,131.29666666666665
379.38,88.04,55.34,60.2,51.97,10.86,Moderate,645.7900000000001,107.63166666666667
95.68,163.67,209.02,121.44,5.56,2.28,Moderate,597.6499999999999,99.6083333333333
114.18,119.94,87.84,115.06,89.37,12.34,Moderate,538.7300000000001,89.78833333333336
36.07,36.2,75.44,182.84,31.31,4.54,Low,366.40000000000003,61.06666666666667
156.9,299.73,200.3,48.79,92.9,13.81,Moderate,812.43,135.405
277.04,197.88,166.34,110.39,91.24,16.84,Moderate,859.73,143.28833333333333
119.17,125.15,73.48,183.86,59.58,10.37,Moderate,571.61,95.26833333333333
180.04,55.98,73.77,152.55,16.97,6.91,Moderate,486.21999999999997,81.03666666666666
23.55,210.31,25.96,58.06,34.77,16.76,Low,369.40999999999997,61.56833333333333
173.25,30.65,58.63,85.1,66.28,12.86,Low,426.77,71.12833333333333
274.13,100.06,193.17,23.3,34.8,17.51,Moderate,642.9699999999999,107.16166666666665
65.89,100.31,149.08,115.85,64.84,12.45,Moderate,508.42,84.73666666666666
65.34,91.87,102.87,54.91,68.76,18.63,Low,402.38,67.06333333333333
194.05,116.26,32.89,58.53,9.33,14.81,Low,425.87,70.97833333333334
349.1,194.96,114.26,117.25,91.84,17.61,Moderate,885.0200000000001,147.50333333333336
158.44,84.59,224.84,150.6,53.71,1.12,Moderate,673.3000000000001,112.21666666666668
142.81,226.39,88.86,192.18,38.29,7.41,Moderate,695.9399999999999,115.99
357.02,49.06,68.18,95.53,85.23,4.31,Moderate,659.3299999999999,109.88833333333332
78.75,27.75,28.28,65.27,66.15,18.4,Low,284.6,47.43333333333334
28.27,38.8,76.13,53.28,16.14,9.39,Low,222.01,37.001666666666665
175.62,252.25,202.52,172.83,95.71,16.39,Moderate,915.32,152.55333333333334
162.33,120.06,80.14,193.88,75.84,1.01,Moderate,633.26,105.54333333333334
396.02,81.22,244.75,91.56,18.89,2.57,Moderate,835.01,139.16833333333332
143.62,242.26,159.55,165.26,6.7,2.2,Moderate,719.5900000000001,119.93166666666669
256.38,209.36,132.09,25.29,56.27,4.39,Moderate,683.78,113.96333333333332
195.87,24.96,107.04,105.57,29.0,15.57,Low,478.01,79.66833333333334
350.82,251.97,169.38,191.8,35.32,6.82,High,1006.1100000000001,167.68500000000003
148.04,136.14,184.38,183.98,65.17,17.54,Moderate,735.2499999999999,122.54166666666664
149.36,206.25,147.37,192.09,22.93,0.7,Moderate,718.7,119.78333333333335
93.36,171.63,90.68,78.66,89.73,10.24,Moderate,534.3000000000001,89.05000000000001
240.15,123.41,179.3,107.76,32.31,4.61,Moderate,687.5400000000001,114.59000000000002
53.69,232.11,201.38,16.19,95.82,13.04,Moderate,612.23,102.03833333333334
365.73,287.43,215.18,152.6,90.34,14.68,High,1125.9600000000003,187.66000000000005
347.41,36.09,203.73,103.24,31.22,10.68,Moderate,732.37,122.06166666666667
336.05,159.68,150.71,108.85,67.66,14.76,Moderate,837.71,139.61833333333334
315.48,273.49,179.02,137.52,94.79,19.15,High,1019.4499999999999,169.90833333333333
346.92,169.49,116.1,41.1,90.74,17.79,Moderate,782.1400000000001,130.35666666666668
123.17,199.42,132.58,33.06,63.76,7.48,Moderate,559.47,93.245
168.65,109.36,110.66,74.15,15.73,1.05,Low,479.59999999999997,79.93333333333332
229.58,28.6,124.03,55.75,15.99,11.04,Low,464.99000000000007,77.49833333333335
284.37,156.0,130.44,114.81,97.88,4.01,Moderate,787.5099999999999,131.25166666666664
178.12,216.83,71.55,47.44,21.81,6.84,Moderate,542.59,90.43166666666667
374.31,296.34,33.72,14.16,91.32,14.86,Moderate,824.7099999999999,137.45166666666665
259.09,21.72,208.56,158.22,27.86,11.24,Moderate,686.6899999999999,114.44833333333332
315.46,118.75,134.32,102.79,5.21,18.55,Moderate,695.0799999999999,115.84666666666665
308.94,213.71,92.03,89.64,52.81,3.02,Moderate,760.1499999999999,126.69166666666665
150.48,33.42,97.54,24.59,43.58,3.94,Low,353.54999999999995,58.92499999999999
211.0,18.31,126.42,12.44,62.86,4.74,Low,435.77000000000004,72.62833333333334
275.89,54.62,188.41,52.37,33.35,13.36,Moderate,618.0,103.0
109.41,39.65,243.23,160.24,62.39,9.21,Moderate,624.13,104.02166666666666
314.61,273.14,140.9,60.56,74.41,12.52,Moderate,876.14,146.02333333333334
50.47,94.02,30.38,154.15,88.8,12.72,Low,430.54,71.75666666666667
355.22,233.21,160.19,168.55,47.61,11.22,Moderate,976.0000000000001,162.66666666666669
257.49,96.95,179.94,27.06,30.79,6.4,Moderate,598.6299999999999,99.77166666666665
38.33,80.41,33.31,27.57,43.23,13.57,Low,236.42,39.40333333333333
249.1,165.28,208.35,120.67,16.79,5.61,Moderate,765.8,127.63333333333333
23.38,186.73,49.36,164.35,8.22,7.36,Low,439.4,73.23333333333333
310.82,175.97,68.97,53.16,29.04,4.84,Moderate,642.8,107.13333333333333
241.45,50.56,246.61,47.22,72.95,15.96,Moderate,674.7500000000001,112.45833333333336
360.78,125.38,113.7,188.27,90.47,3.72,Moderate,882.32,147.05333333333334
94.2,85.91,178.63,140.76,81.37,0.92,Moderate,581.79,96.96499999999999
343.73,183.43,61.45,36.18,6.28,8.13,Moderate,639.2,106.53333333333335
135.3,147.59,116.97,161.05,11.12,17.93,Moderate,589.96,98.32666666666667
225.16,196.95,90.65,181.76,30.9,8.88,Moderate,734.3,122.38333333333333
172.34,247.12,191.92,25.62,32.69,4.16,Moderate,673.85,112.30833333333334
168.94,241.76,190.73,61.53,70.87,8.37,Moderate,742.1999999999999,123.69999999999999
191.23,89.43,113.23,126.14,32.13,5.79,Moderate,557.9499999999999,92.99166666666666
340.49,51.58,169.54,54.11,46.63,4.19,Moderate,666.5400000000001,111.09000000000002
299.84,158.4,120.83,169.12,69.21,19.62,Moderate,837.0200000000001,139.50333333333336
186.32,113.41,111.51,33.61,26.32,10.92,Low,482.09000000000003,80.34833333333334
243.84,115.66,27.66,111.61,92.41,19.12,Moderate,610.3000000000001,101.71666666666668
57.4,218.52,157.73,72.51,24.73,13.34,Moderate,544.23,90.705
239.78,82.02,36.6,126.09,90.61,11.74,Moderate,586.84,97.80666666666667
99.81,263.28,165.92,98.02,77.1,6.06,Moderate,710.1899999999999,118.365
182.21,212.72,214.25,155.49,31.58,10.23,Moderate,806.4800000000001,134.41333333333336
305.85,49.92,33.99,91.64,38.7,1.34,Moderate,521.44,86.90666666666668
20.54,128.91,29.25,174.97,6.95,6.49,Low,367.10999999999996,61.184999999999995
156.06,221.6,166.22,99.21,53.22,16.67,Moderate,712.98,118.83
20.83,154.53,198.47,197.53,94.66,2.75,Moderate,668.77,111.46166666666666
378.21,158.25,220.15,192.06,13.14,3.04,Moderate,964.85,160.80833333333334
219.95,199.42,102.64,40.14,63.01,17.34,Moderate,642.5,107.08333333333333
295.86,118.43,167.42,143.82,68.19,3.92,Moderate,797.64,132.94
330.28,222.22,171.37,133.24,77.55,3.51,Moderate,938.17,156.36166666666665
27.35,213.02,128.02,88.01,95.61,6.91,Moderate,558.92,93.15333333333332
141.81,44.68,119.92,126.53,38.89,8.24,Low,480.07000000000005,80.01166666666667
63.85,259.87,70.96,198.52,78.98,5.98,Moderate,678.1600000000001,113.02666666666669
47.03,140.33,21.61,77.11,29.13,12.36,Low,327.57000000000005,54.595000000000006
251.67,123.09,86.0,124.14,46.83,8.05,Moderate,639.78,106.63
336.73,215.14,125.6,21.84,34.64,12.53,Moderate,746.48,124.41333333333334
143.63,87.8,61.6,128.34,74.4,19.24,Moderate,515.01,85.835
53.39,268.98,246.8,16.63,64.0,4.24,Moderate,654.0400000000001,109.00666666666667
260.42,131.07,152.39,187.81,41.52,15.72,Moderate,788.9300000000001,131.48833333333334
399.68,231.17,107.88,91.61,85.87,15.23,Moderate,931.44,155.24
114.67,61.5,65.2,185.98,76.05,16.52,Moderate,519.9200000000001,86.65333333333335
112.42,268.1,73.35,121.99,15.86,4.2,Moderate,595.9200000000001,99.32000000000001
282.79,203.72,20.5,64.15,12.09,1.06,Moderate,584.31,97.38499999999999
345.64,67.5,112.32,36.99,88.29,3.29,Moderate,654.03,109.005
158.45,247.61,91.81,176.73,12.27,10.01,Moderate,696.88,116.14666666666666
328.18,288.52,105.18,190.92,10.87,11.44,Moderate,935.1100000000001,155.8516666666667
365.49,262.71,174.26,129.2,65.88,14.04,High,1011.58,168.59666666666666
282.13,125.38,230.09,71.23,8.44,5.61,Moderate,722.8800000000001,120.48000000000002
372.67,231.9,47.67,11.84,13.88,10.03,Moderate,687.99,114.665
66.72,63.52,208.16,178.1,36.25,1.93,Moderate,554.68,92.44666666666666
195.93,193.38,36.85,21.43,63.12,1.11,Moderate,511.82000000000005,85.30333333333334
346.81,159.64,70.54,46.52,61.01,15.44,Moderate,699.96,116.66000000000001
274.38,90.83,231.37,42.37,87.11,4.72,Moderate,730.78,121.79666666666667
337.79,253.75,68.82,166.23,53.62,16.61,Moderate,896.8199999999999,149.47
310.95,151.37,147.04,111.7,86.83,12.53,Moderate,820.4200000000001,136.73666666666668
369.71,257.57,126.64,96.96,22.51,6.98,Moderate,880.37,146.72833333333332
293.45,30.88,226.0,155.31,22.41,18.6,Moderate,746.6499999999999,124.44166666666665
114.43,149.91,184.61,185.49,28.72,5.86,Moderate,669.0200000000001,111.50333333333334
277.99,222.81,143.82,168.34,53.26,15.12,Moderate,881.34,146.89000000000001
125.47,131.21,199.13,38.24,22.04,17.43,Moderate,533.52,88.92
301.73,172.69,75.31,75.7,70.96,11.07,Moderate,707.4600000000002,117.91000000000003
155.77,153.65,101.97,165.42,24.78,15.93,Moderate,617.5199999999999,102.91999999999997
48.55,169.12,241.25,137.78,29.94,11.19,Moderate,637.8300000000002,106.30500000000002
276.71,184.62,222.4,14.44,48.61,12.44,Moderate,759.2200000000001,126.53666666666669
288.8,114.74,25.98,121.4,10.82,18.29,Moderate,580.0300000000001,96.67166666666668
205.32,67.31,159.67,45.54,91.8,10.99,Moderate,580.63,96.77166666666666
368.88,92.23,27.18,110.46,68.46,5.38,Moderate,672.59,112.09833333333334
294.4,27.12,124.34,173.82,47.61,12.82,Moderate,680.1100000000001,113.35166666666669
357.06,141.37,241.61,67.11,90.1,6.63,Moderate,903.88,150.64666666666668
376.14,274.59,174.67,68.69,20.46,10.85,Moderate,925.4,154.23333333333332
268.19,113.09,51.83,75.39,89.97,9.03,Moderate,607.4999999999999,101.24999999999999
240.06,260.16,80.3,27.45,48.78,0.98,Moderate,657.73,109.62166666666667
169.81,232.63,120.02,154.52,82.29,11.08,Moderate,770.35,128.39166666666668
104.69,244.24,78.26,93.15,38.86,10.08,Moderate,569.2800000000001,94.88000000000001
123.83,156.47,20.0,197.93,83.23,2.45,Moderate,583.9100000000001,97.31833333333334
271.69,100.91,217.06,75.73,5.22,1.74,Moderate,672.3500000000001,112.05833333333335
314.28,114.1,50.15,17.52,44.43,5.59,Moderate,546.0699999999999,91.01166666666666
124.53,84.65,211.32,14.56,12.69,8.15,Low,455.9,75.98333333333333
162.27,59.81,149.38,60.61,71.23,5.29,Moderate,508.5900000000001,84.76500000000001
89.97,170.28,187.3,99.7,6.44,12.93,Moderate,566.62,94.43666666666667
148.84,74.6,60.58,191.33,19.08,16.09,Moderate,510.52,85.08666666666666
44.74,24.77,144.29,174.18,35.72,7.41,Low,431.11000000000007,71.85166666666667
311.67,273.04,131.56,50.9,7.32,0.63,Moderate,775.12,129.18666666666667
255.37,194.23,221.24,162.53,29.87,19.24,Moderate,882.48,147.08
219.81,161.5,198.02,104.35,40.59,14.81,Moderate,739.08,123.18
90.57,211.93,237.39,160.33,90.39,12.6,Moderate,803.21,133.86833333333334
268.17,162.58,178.76,128.16,93.9,8.73,Moderate,840.3,140.04999999999998
198.5,30.61,45.12,182.96,98.36,1.89,Moderate,557.44,92.90666666666668
310.12,74.79,185.34,189.28,83.0,17.19,Moderate,859.72,143.28666666666666
282.07,107.07,120.32,99.81,91.32,17.08,Moderate,717.67,119.61166666666666
200.71,190.84,98.66,156.86,6.89,19.63,Moderate,673.59,112.265
248.57,92.6,146.71,34.13,43.68,19.82,Moderate,585.51,97.585
260.24,269.49,63.63,49.62,48.29,9.41,Moderate,700.68,116.77999999999999
307.71,55.18,224.89,57.72,40.08,4.6,Moderate,690.1800000000001,115.03000000000002
36.64,281.89,172.39,113.86,74.73,14.25,Moderate,693.76,115.62666666666667
372.24,92.18,206.94,65.26,39.84,13.49,Moderate,789.95,131.65833333333333
237.38,129.55,97.17,104.93,81.63,19.85,Moderate,670.51,111.75166666666667
72.45,262.84,247.19,99.14,44.26,3.57,Moderate,729.45,121.575
224.6,99.18,125.13,172.81,91.1,18.5,Moderate,731.32,121.88666666666667
267.05,256.23,124.62,118.09,36.2,9.33,Moderate,811.5200000000001,135.25333333333336
328.74,40.05,23.53,88.91,23.33,16.3,Moderate,520.86,86.81
322.35,280.65,176.2,27.53,35.4,1.42,Moderate,843.55,140.59166666666667
119.08,170.74,120.98,124.65,48.86,9.2,Moderate,593.5100000000001,98.91833333333335
60.35,170.04,246.19,20.36,64.5,2.89,Moderate,564.33,94.055
176.99,43.47,124.55,183.12,92.52,2.42,Moderate,623.0699999999999,103.84499999999998
323.85,259.69,123.97,165.19,84.9,5.36,Moderate,962.96,160.49333333333334
283.35,112.01,91.03,132.46,96.65,4.69,Moderate,720.19,120.03166666666668
319.55,144.81,29.13,195.74,91.25,19.06,Moderate,799.54,133.25666666666666
273.47,178.87,219.54,192.5,27.4,3.02,Moderate,894.8,149.13333333333333
121.63,70.53,137.85,135.56,74.2,15.52,Moderate,555.29,92.54833333333333
92.57,17.46,147.55,169.06,14.85,15.62,Low,457.11000000000007,76.18500000000002
174.79,299.0,229.7,159.07,69.8,15.07,Moderate,947.43,157.905
26.08,20.86,115.71,61.03,97.63,6.32,Low,327.62999999999994,54.60499999999999
99.48,295.65,83.93,109.69,55.62,7.15,Moderate,651.52,108.58666666666666
183.32,274.96,239.23,74.64,92.73,2.31,Moderate,867.1899999999999,144.53166666666667
358.26,138.84,120.74,60.39,57.44,3.45,Moderate,739.1200000000001,123.18666666666668
251.66,200.96,44.11,177.75,60.78,16.75,Moderate,752.01,125.335
321.29,141.03,25.79,157.94,42.92,15.2,Moderate,704.1700000000001,117.36166666666668
234.58,112.08,142.68,100.26,26.54,0.49,Moderate,616.63,102.77166666666666
215.76,195.59,57.04,117.95,5.32,8.41,Moderate,600.07,100.01166666666667
305.92,285.42,233.77,194.87,85.81,14.7,High,1120.49,186.74833333333333
252.72,38.73,211.31,115.22,15.08,13.05,Moderate,646.11,107.685
24.9,179.88,28.76,17.83,10.58,19.63,Low,281.58,46.93
95.49,58.76,101.09,50.59,25.46,8.33,Low,339.71999999999997,56.62
115.92,149.84,132.56,199.35,91.98,3.88,Moderate,693.53,115.58833333333332
239.8,32.08,44.12,96.17,84.67,6.72,Moderate,503.56000000000006,83.92666666666668
168.49,286.96,99.69,91.11,63.57,12.4,Moderate,722.22,120.37
299.87,155.82,144.05,73.02,11.71,1.3,Moderate,685.77,114.295
325.96,18.58,130.59,130.66,23.6,9.43,Moderate,638.8199999999999,106.46999999999998
98.69,82.62,234.33,175.42,38.36,18.84,Moderate,648.26,108.04333333333334
395.64,107.59,209.0,85.42,39.72,18.92,Moderate,856.29,142.715
339.17,240.27,238.29,102.93,61.46,4.11,Moderate,986.2300000000001,164.3716666666667
158.77,109.53,178.54,25.68,24.68,12.85,Moderate,510.05000000000007,85.00833333333334
59.63,260.49,175.09,108.81,95.8,10.57,Moderate,710.39,118.39833333333333
300.22,249.48,135.84,142.82,84.19,0.18,Moderate,912.7300000000001,152.1216666666667
304.46,200.87,68.06,95.51,95.1,2.51,Moderate,766.51,127.75166666666667
359.89,262.04,103.07,166.13,54.0,3.08,Moderate,948.21,158.035
104.68,151.76,138.65,75.4,77.13,8.62,Moderate,556.24,92.70666666666666
291.74,127.22,208.96,140.21,17.03,0.31,Moderate,785.47,130.91166666666666
278.8,186.12,235.28,34.79,98.71,5.44,Moderate,839.1400000000001,139.85666666666668
112.14,165.22,212.34,171.96,25.15,5.59,Moderate,692.4000000000001,115.40000000000002
242.08,25.84,51.61,193.59,93.84,8.62,Moderate,615.58,102.59666666666668
355.73,182.79,210.07,163.99,26.93,9.75,Moderate,949.2599999999999,158.20999999999998
58.04,40.15,29.14,147.82,81.06,2.71,Low,358.91999999999996,59.81999999999999
32.96,75.66,89.61,74.17,55.13,7.87,Low,335.40000000000003,55.900000000000006
37.93,65.81,144.14,190.88,28.11,5.71,Low,472.58,78.76333333333334
306.72,233.18,149.15,192.69,79.26,14.67,Moderate,975.67,162.61166666666665
194.45,167.43,199.8,161.87,43.13,19.89,Moderate,786.57,131.095
227.42,75.72,147.52,72.06,83.1,9.34,Moderate,615.1600000000001,102.52666666666669
391.15,286.83,39.58,127.54,93.49,13.04,Moderate,951.63,158.605
388.8,79.73,158.64,126.05,21.54,15.91,Moderate,790.67,131.77833333333334
203.71,170.91,117.87,105.59,92.46,12.75,Moderate,703.2900000000001,117.21500000000002
221.08,60.95,106.06,13.24,9.43,8.84,Low,419.6,69.93333333333334
381.24,164.9,108.22,140.18,61.88,12.18,Moderate,868.5999999999999,144.76666666666665
56.61,288.55,207.01,52.96,49.04,0.59,Moderate,654.7600000000001,109.12666666666668
382.93,138.57,134.35,115.79,28.25,2.06,Moderate,801.9499999999999,133.65833333333333
162.85,127.04,243.93,16.69,74.21,13.09,Moderate,637.8100000000001,106.30166666666668
306.13,80.48,62.35,188.41,14.85,4.24,Moderate,656.46,109.41000000000001
119.59,85.6,195.47,53.69,70.02,11.98,Moderate,536.35,89.39166666666667
365.38,191.12,140.04,113.11,59.15,12.97,Moderate,881.77,146.96166666666667
171.2,182.11,38.51,146.06,69.74,9.28,Moderate,616.9,102.81666666666666
330.23,53.77,65.61,179.44,24.95,9.89,Moderate,663.89,110.64833333333333
159.23,121.89,20.44,178.55,21.83,11.91,Moderate,513.85,85.64166666666667
58.44,51.61,171.51,97.16,98.2,11.05,Low,487.97,81.32833333333333
351.59,204.42,39.36,42.02,87.09,2.57,Moderate,727.0500000000001,121.17500000000001
57.52,16.92,47.38,70.72,9.95,10.43,Low,212.92,35.486666666666665
289.13,201.85,128.0,60.2,50.84,13.61,Moderate,743.6300000000001,123.93833333333335
246.66,97.99,98.69,185.53,70.28,14.02,Moderate,713.17,118.86166666666666
308.39,136.91,99.28,65.06,20.07,19.97,Moderate,649.68,108.27999999999999
258.49,251.3,108.93,130.14,36.19,5.36,Moderate,790.41,131.73499999999999
237.68,248.79,205.02,158.56,45.81,14.92,Moderate,910.7799999999999,151.79666666666665
125.1,221.15,80.35,158.7,47.94,0.85,Moderate,634.09,105.68166666666667
136.36,50.96,117.09,150.79,23.97,16.48,Moderate,495.6500000000001,82.60833333333335
42.96,101.07,240.07,100.01,16.9,9.6,Moderate,510.61,85.10166666666667
129.04,251.39,88.37,118.88,88.29,12.52,Moderate,688.4899999999999,114.74833333333332
104.24,93.38,65.11,22.52,91.17,3.32,Low,379.74,63.29
28.15,188.52,56.9,39.95,72.64,0.45,Low,386.60999999999996,64.43499999999999
170.02,287.18,177.59,40.5,83.13,10.05,Moderate,768.47,128.07833333333335
33.12,99.75,223.24,20.29,98.23,0.43,Low,475.06000000000006,79.17666666666668
65.45,132.84,242.69,157.08,41.61,6.24,Moderate,645.9100000000001,107.65166666666669
244.73,160.41,30.87,105.56,8.62,11.52,Moderate,561.7099999999999,93.61833333333333
264.17,177.93,125.52,189.01,13.43,15.63,Moderate,785.6899999999999,130.94833333333332
302.99,192.12,106.92,153.94,28.53,2.52,Moderate,787.02,131.17
101.94,100.2,50.52,179.33,42.5,7.35,Low,481.84000000000003,80.30666666666667
184.45,258.4,137.59,102.0,17.04,17.61,Moderate,717.0899999999999,119.51499999999999
372.65,282.56,245.67,86.44,55.44,4.37,High,1047.1299999999999,174.52166666666665
126.34,77.23,246.03,76.82,52.41,5.74,Moderate,584.57,97.42833333333334
100.58,275.32,64.62,54.13,23.32,19.51,Moderate,537.48,89.58
340.9,221.76,135.73,154.21,56.53,11.64,Moderate,920.77,153.46166666666667
355.05,283.22,248.42,151.7,85.01,6.72,High,1130.12,188.35333333333332
242.63,175.19,165.79,91.72,60.9,2.46,Moderate,738.69,123.11500000000001
84.27,83.39,151.3,131.95,32.98,15.33,Moderate,499.22,83.20333333333333
116.37,90.23,224.42,181.48,75.47,12.39,Moderate,700.36,116.72666666666667
63.16,76.79,166.58,60.7,34.87,8.72,Low,410.82,68.47
399.47,240.99,152.26,38.98,35.52,11.25,Moderate,878.47,146.41166666666666
191.13,117.26,64.38,158.99,52.49,8.85,Moderate,593.1,98.85000000000001
260.63,91.04,177.08,171.5,82.19,0.54,Moderate,782.98,130.49666666666667
191.11,116.02,24.65,127.72,13.38,13.06,Moderate,485.94,80.99
399.89,87.37,119.62,197.23,22.84,7.47,Moderate,834.4200000000001,139.07000000000002
142.22,20.31,202.01,156.62,77.91,19.39,Moderate,618.4599999999999,103.07666666666665
88.44,258.26,85.48,190.6,97.55,5.29,Moderate,725.6199999999999,120.93666666666665
315.49,249.99,42.62,46.24,97.14,14.53,Moderate,766.01,127.66833333333334
27.15,144.02,174.02,84.23,16.58,16.26,Low,462.26000000000005,77.04333333333334
65.53,278.88,207.47,132.68,53.49,10.74,Moderate,748.79,124.79833333333333
162.26,29.06,213.83,175.27,78.4,2.77,Moderate,661.5899999999999,110.26499999999999
136.25,259.7,224.66,85.6,29.19,2.71,Moderate,738.1100000000001,123.01833333333336
381.18,79.64,191.95,107.53,41.56,16.29,Moderate,818.1499999999999,136.35833333333332
306.61,182.85,155.54,105.27,33.11,14.93,Moderate,798.31,133.05166666666665
34.91,80.77,61.61,14.48,52.79,11.95,Low,256.51,42.751666666666665
34.71,202.48,237.14,31.54,26.56,1.22,Moderate,533.65,88.94166666666666
192.33,115.5,42.86,75.74,32.07,7.97,Low,466.4700000000001,77.74500000000002
65.54,155.24,235.62,153.98,42.14,2.08,Moderate,654.6,109.10000000000001
340.33,166.15,133.15,92.59,74.7,18.86,Moderate,825.7800000000001,137.63000000000002
271.53,271.9,139.67,185.95,32.26,11.94,Moderate,913.25,152.20833333333334
240.05,21.6,119.03,109.48,22.96,3.12,Moderate,516.2400000000001,86.04000000000002
207.55,264.66,135.07,99.03,77.57,5.12,Moderate,788.9999999999999,131.49999999999997
209.76,44.98,211.89,107.86,64.98,11.07,Moderate,650.5400000000001,108.42333333333335
113.04,139.29,27.41,82.01,5.57,16.39,Low,383.71,63.95166666666666
391.56,292.67,212.31,103.07,59.27,4.72,High,1063.6,177.26666666666665
274.62,208.82,184.09,195.64,84.42,17.99,Moderate,965.5799999999999,160.92999999999998
28.09,101.89,60.28,173.93,97.05,5.47,Low,466.71000000000004,77.78500000000001
261.72,262.3,198.75,26.32,29.0,17.77,Moderate,795.86,132.64333333333335
81.52,284.61,105.9,134.88,54.45,16.36,Moderate,677.72,112.95333333333333
303.11,132.26,195.62,187.19,9.15,16.56,Moderate,843.89,140.64833333333334
177.26,148.0,124.61,69.7,84.08,9.06,Moderate,612.71,102.11833333333334
110.2,105.43,34.87,141.59,40.72,3.58,Low,436.39000000000004,72.73166666666667
146.77,130.05,93.63,61.47,90.85,11.62,Moderate,534.3900000000001,89.06500000000001
303.9,281.1,160.77,189.6,95.8,17.7,High,1048.8700000000001,174.8116666666667
202.21,50.48,21.32,153.49,39.35,13.94,Low,480.79,80.13166666666667
271.66,112.62,238.5,59.76,69.18,4.15,Moderate,755.87,125.97833333333334
282.21,90.87,218.66,64.84,57.21,6.28,Moderate,720.07,120.01166666666667
147.01,138.76,48.01,143.2,96.98,18.52,Moderate,592.4799999999999,98.74666666666666
131.38,246.66,142.28,198.27,42.44,10.44,Moderate,771.47,128.57833333333335
328.5,146.61,141.2,19.64,36.09,16.33,Moderate,688.37,114.72833333333334
130.85,49.36,77.26,22.73,12.52,18.1,Low,310.82,51.803333333333335
318.3,98.84,22.92,26.67,40.51,8.79,Moderate,516.03,86.005
235.42,233.81,34.56,74.78,89.75,9.55,Moderate,677.87,112.97833333333334
397.04,264.21,128.0,85.31,14.56,8.0,Moderate,897.1199999999999,149.51999999999998
211.33,281.27,195.84,82.44,23.0,19.13,Moderate,813.0100000000001,135.5016666666667
88.49,130.78,102.84,57.86,78.62,10.39,Low,468.98,78.16333333333334
217.61,92.8,27.63,149.8,14.96,18.84,Moderate,521.64,86.94
180.16,212.74,126.47,151.21,56.11,16.61,Moderate,743.3000000000001,123.88333333333334
297.74,231.82,190.1,27.71,39.51,10.64,Moderate,797.52,132.92
24.67,246.3,226.23,131.64,76.36,12.6,Moderate,717.8000000000001,119.63333333333334
347.75,39.17,44.39,187.97,68.99,19.97,Moderate,708.24,118.04
330.04,75.5,216.82,136.54,21.23,11.0,Moderate,791.13,131.855
37.25,238.56,82.53,179.46,34.59,1.57,Moderate,573.9600000000002,95.66000000000003
82.51,171.08,93.29,168.17,17.24,4.22,Moderate,536.5100000000001,89.41833333333335
307.54,59.53,154.75,29.24,76.99,18.44,Moderate,646.4900000000001,107.74833333333335
154.6,259.92,200.33,142.24,94.16,12.95,Moderate,864.2,144.03333333333333
246.75,15.92,185.6,130.43,28.06,10.73,Moderate,617.49,102.915
391.44,110.61,85.31,58.19,20.95,6.49,Moderate,672.99,112.165
112.74,37.48,55.89,87.22,48.48,3.91,Low,345.7200000000001,57.62000000000001
36.18,269.39,198.63,21.9,16.93,2.26,Moderate,545.29,90.88166666666666
69.65,128.03,70.07,105.61,21.93,11.75,Low,407.04,67.84
184.13,299.89,66.93,10.06,68.17,4.08,Moderate,633.26,105.54333333333334
396.47,57.17,138.66,155.5,15.88,19.5,Moderate,783.1800000000001,130.53
25.58,268.76,144.21,48.18,32.6,9.8,Moderate,529.1299999999999,88.18833333333332
209.26,128.16,117.25,164.94,48.53,11.47,Moderate,679.6099999999999,113.26833333333332
284.14,26.65,220.76,73.4,81.68,14.59,Moderate,701.2199999999999,116.86999999999999
239.15,126.04,91.31,93.48,36.93,2.55,Moderate,589.4599999999999,98.24333333333333
188.78,16.27,213.31,24.53,24.02,1.55,Low,468.46,78.07666666666667
195.15,202.66,24.46,93.31,75.62,14.92,Moderate,606.1199999999999,101.01999999999998
192.57,279.22,65.16,193.07,8.08,3.78,Moderate,741.88,123.64666666666666
117.47,66.2,186.0,172.3,75.7,8.7,Moderate,626.3700000000001,104.39500000000002
238.41,125.77,211.81,129.74,23.42,11.34,Moderate,740.49,123.415
308.47,174.27,105.39,118.44,68.91,12.1,Moderate,787.5799999999999,131.26333333333332
124.83,140.51,84.13,174.75,52.3,6.98,Moderate,583.5,97.25
158.45,259.4,24.69,123.63,60.23,13.35,Moderate,639.75,106.625
319.06,70.95,121.05,162.86,59.49,7.52,Moderate,740.9300000000001,123.48833333333334
346.24,156.19,84.78,72.61,82.35,0.88,Moderate,743.0500000000001,123.84166666666668
240.34,95.79,41.44,102.22,28.09,0.92,Moderate,508.79999999999995,84.8
235.06,81.04,220.39,78.78,53.88,8.01,Moderate,677.16,112.86
209.61,32.02,220.97,37.97,26.05,18.64,Moderate,545.26,90.87666666666667
178.1,222.78,126.41,64.93,72.97,19.14,Moderate,684.33,114.055
190.55,43.97,116.26,73.97,72.71,7.67,Moderate,505.13,84.18833333333333
166.31,231.73,145.66,127.16,17.37,2.88,Moderate,691.1099999999999,115.18499999999999
150.38,134.24,69.51,157.87,23.63,13.94,Moderate,549.57,91.59500000000001
284.42,180.19,205.44,157.0,70.99,17.52,Moderate,915.56,152.59333333333333
141.2,57.78,75.19,36.67,46.24,11.06,Low,368.14,61.35666666666666
386.94,133.52,113.25,67.06,55.89,10.23,Moderate,766.89,127.815
325.81,204.62,28.94,72.95,32.94,7.67,Moderate,672.9300000000002,112.15500000000003
170.82,81.76,147.06,101.15,90.56,16.17,Moderate,607.5199999999999,101.25333333333332
342.64,129.73,23.71,169.64,99.0,3.21,Moderate,767.9300000000001,127.98833333333334
229.53,164.44,41.13,136.25,67.11,8.1,Moderate,646.5600000000001,107.76
49.0,104.19,70.78,38.42,21.11,3.15,Low,286.65,47.775
99.56,79.86,52.33,144.55,97.19,6.16,Low,479.65000000000003,79.94166666666668
202.8,37.74,135.03,26.24,7.61,11.06,Low,420.4800000000001,70.08000000000001
77.77,161.78,125.89,192.07,49.89,12.07,Moderate,619.47,103.245
135.72,184.24,217.14,15.02,50.13,18.1,Moderate,620.35,103.39166666666667
202.76,130.46,99.87,168.04,46.16,14.06,Moderate,661.3499999999999,110.22499999999998
134.35,129.77,77.18,101.03,97.55,5.86,Moderate,545.74,90.95666666666666
311.33,284.76,166.79,25.29,17.11,16.89,Moderate,822.1699999999998,137.0283333333333
25.14,130.13,113.14,156.44,19.47,18.59,Low,462.9099999999999,77.15166666666666
33.45,255.19,57.45,13.97,10.34,7.22,Low,377.62,62.93666666666667
178.42,32.27,184.33,162.73,91.64,1.81,Moderate,651.1999999999999,108.53333333333332
51.0,233.17,60.7,174.75,60.82,10.0,Moderate,590.4399999999999,98.40666666666665
234.55,116.92,184.93,77.62,46.42,13.23,Moderate,673.6700000000001,112.27833333333335
238.88,63.95,22.53,29.99,59.61,16.61,Low,431.57000000000005,71.92833333333334
293.06,135.04,197.05,105.82,24.42,14.57,Moderate,769.96,128.32666666666668
181.93,37.42,81.03,91.72,45.75,6.08,Low,443.93,73.98833333333333
189.59,226.45,236.76,185.98,59.81,1.41,Moderate,899.9999999999999,149.99999999999997
134.84,232.1,42.23,116.73,6.32,11.37,Moderate,543.59,90.59833333333334
248.53,104.69,129.23,11.21,42.63,12.75,Moderate,549.0400000000001,91.50666666666667
310.65,127.57,173.73,79.26,93.61,19.76,Moderate,804.5799999999999,134.09666666666666
95.2,280.45,184.86,36.0,54.76,9.68,Moderate,660.9499999999999,110.15833333333332
235.23,264.54,86.66,128.31,53.52,16.26,Moderate,784.52,130.75333333333333
240.22,232.77,201.71,117.81,84.59,17.75,Moderate,894.85,149.14166666666668
55.18,110.72,185.21,135.75,20.65,12.31,Moderate,519.8199999999999,86.63666666666666
364.72,260.02,166.65,110.68,58.15,5.98,Moderate,966.1999999999999,161.03333333333333
367.28,154.83,150.39,99.77,56.33,1.25,Moderate,829.85,138.30833333333334
72.47,124.61,159.55,28.56,20.89,8.85,Low,414.93,69.155
356.71,233.22,223.81,136.94,25.29,9.24,Moderate,985.21,164.20166666666668
