num__Zn,num__Pb,num__Cr,num__Ni,num__Cu,num__As,Contamination_Level
112.81,140.67,161.15,12.15,19.39,14.33,Low
346.55,70.37,246.16,96.22,75.08,3.92,Moderate
270.59,62.92,27.5,95.17,16.7,8.69,Low
190.62,89.11,222.63,146.79,85.23,17.87,Moderate
394.88,226.97,114.83,76.04,83.79,9.39,Moderate
96.65,78.83,164.3,193.8,29.3,5.33,Moderate
260.5,254.04,148.19,180.45,91.67,2.51,Moderate
182.09,36.14,43.98,45.38,39.75,19.44,Low
267.22,30.75,180.93,112.79,28.94,15.37,Moderate
58.48,243.83,247.96,146.35,86.37,17.38,Moderate
322.67,45.61,102.93,78.44,99.21,10.12,Moderate
28.87,30.34,66.97,88.49,30.1,2.85,Low
145.08,179.32,43.78,21.09,66.65,0.28,Low
236.8,90.84,211.04,197.92,78.0,3.57,Moderate
186.87,59.76,119.15,144.42,12.55,12.33,Moderate
138.17,37.77,127.09,140.35,93.74,3.53,Moderate
100.84,289.71,229.52,60.36,53.96,19.59,Moderate
128.22,196.2,213.77,34.3,72.81,17.22,Moderate
239.04,17.12,138.51,70.51,18.1,2.68,Low
318.98,86.08,150.69,36.14,84.49,13.9,Moderate
303.47,87.27,223.03,25.17,89.4,7.2,Moderate
53.08,259.33,38.15,169.12,5.37,9.69,Moderate
356.88,31.58,62.57,126.48,22.2,12.78,Moderate
26.82,120.64,110.75,144.17,74.05,7.11,Low
373.67,233.84,175.33,83.35,73.82,5.82,Moderate
124.0,250.01,87.39,51.28,42.2,3.94,Moderate
314.47,212.99,40.39,70.87,42.19,8.69,Moderate
64.63,270.9,213.8,150.29,86.38,16.83,Moderate
350.86,98.01,149.67,139.86,48.21,9.32,Moderate
146.17,232.53,98.07,155.52,74.37,5.25,Moderate
340.42,116.75,145.98,71.29,43.06,2.44,Moderate
129.53,63.6,240.54,95.89,63.16,18.5,Moderate
347.94,167.07,79.16,182.68,61.62,0.95,Moderate
203.58,236.52,26.19,128.76,19.02,9.95,Moderate
340.89,204.53,220.2,45.52,11.05,17.77,Moderate
41.77,52.65,35.83,93.2,92.49,11.66,Low
224.08,20.11,119.51,155.82,93.82,13.78,Moderate
113.59,123.18,170.86,32.47,24.49,7.57,Low
59.74,82.97,76.51,37.85,18.24,3.04,Low
281.81,283.55,88.17,163.65,88.52,12.6,Moderate
50.83,40.41,160.86,177.6,41.47,7.77,Low
168.91,296.09,203.3,111.16,20.7,11.7,Moderate
376.88,66.64,68.87,124.22,25.25,16.61,Moderate
315.44,94.15,34.47,167.44,22.73,10.74,Moderate
63.17,170.44,148.16,62.77,57.23,19.11,Moderate
83.37,42.75,22.05,163.5,88.0,8.72,Low
360.08,59.15,93.85,63.31,10.72,8.4,Moderate
179.29,50.92,139.96,102.88,38.06,6.41,Moderate
194.41,261.33,175.63,166.55,78.81,19.1,Moderate
175.45,209.5,235.2,59.85,50.56,0.35,Moderate
148.0,231.14,138.64,146.13,15.17,14.02,Moderate
377.25,115.73,72.83,162.59,13.94,5.4,Moderate
178.77,263.58,249.36,37.11,25.73,17.47,Moderate
30.3,139.11,207.66,11.21,91.56,19.78,Moderate
217.99,86.73,178.1,100.61,31.52,9.18,Moderate
91.07,160.38,24.67,119.62,68.27,12.14,Low
303.77,202.85,164.19,58.35,33.45,18.34,Moderate
298.01,141.26,125.07,176.46,61.34,4.89,Moderate
194.92,49.01,34.38,199.55,29.58,14.12,Moderate
183.12,178.47,24.26,180.54,47.74,15.71,Moderate
356.78,16.37,197.48,21.68,13.31,2.88,Moderate
344.04,198.01,128.8,135.49,52.91,7.85,Moderate
112.72,291.19,173.88,162.04,72.15,10.89,Moderate
360.37,102.15,131.92,88.53,80.45,14.59,Moderate
124.49,228.93,135.06,47.27,93.77,8.68,Moderate
132.2,243.93,62.49,54.32,40.48,15.85,Moderate
240.48,173.88,167.27,166.86,36.88,9.56,Moderate
151.59,84.92,57.38,198.23,72.17,2.71,Moderate
300.76,37.87,33.73,191.14,33.04,14.39,Moderate
375.48,57.95,70.1,52.71,51.99,13.78,Moderate
88.67,188.55,35.64,61.35,5.1,13.95,Low
150.35,57.34,50.65,165.41,17.29,11.01,Low
166.07,133.93,202.14,174.07,7.52,12.13,Moderate
148.0,120.53,215.04,148.14,99.9,18.32,Moderate
152.79,205.23,173.36,67.9,83.07,9.24,Moderate
394.05,219.72,151.7,68.73,62.06,16.31,Moderate
183.54,25.5,76.26,177.33,34.92,13.32,Moderate
116.33,181.35,159.54,110.06,22.09,16.91,Moderate
317.56,239.41,36.12,112.71,37.93,13.66,Moderate
178.19,128.99,28.99,120.45,56.08,18.39,Moderate
240.16,113.24,63.08,47.19,26.1,0.3,Low
48.5,274.18,62.61,69.67,27.19,11.71,Moderate
318.37,178.48,27.8,47.76,7.06,7.87,Moderate
242.62,114.78,47.13,155.95,57.1,7.69,Moderate
264.19,97.91,178.46,134.63,20.33,9.75,Moderate
160.56,231.57,121.49,97.1,26.64,1.85,Moderate
46.78,122.49,213.08,30.81,78.45,19.29,Moderate
183.91,23.29,41.52,166.79,41.23,9.47,Low
32.17,144.61,211.98,162.52,74.61,3.7,Moderate
257.45,142.97,54.69,157.27,31.85,17.07,Moderate
325.62,71.52,23.43,172.46,30.86,0.45,Moderate
305.24,299.56,190.98,18.74,96.57,18.32,Moderate
209.46,108.61,87.18,23.43,76.93,8.97,Moderate
205.0,164.43,242.28,73.89,43.3,19.71,Moderate
191.01,76.26,101.41,142.87,61.29,6.96,Moderate
42.54,161.24,183.19,191.22,58.03,0.53,Moderate
389.93,71.32,140.47,24.8,17.18,0.29,Moderate
275.64,166.45,196.58,48.8,23.45,8.46,Moderate
100.63,143.9,66.65,12.14,73.98,10.27,Low
357.45,268.0,99.42,104.66,45.55,17.35,Moderate
154.81,263.28,98.54,186.51,25.55,7.82,Moderate
221.53,261.64,239.11,154.38,7.31,11.26,Moderate
38.67,216.71,32.15,35.53,51.88,5.3,Low
194.59,277.51,53.19,22.78,85.8,18.3,Moderate
342.97,137.36,211.82,109.0,20.72,10.22,Moderate
396.53,147.75,22.59,129.35,8.68,17.76,Moderate
273.76,203.36,25.8,36.28,16.65,12.71,Moderate
185.92,241.42,98.51,120.14,87.85,5.55,Moderate
93.9,249.06,66.92,149.53,83.91,6.92,Moderate
242.23,46.73,80.16,41.38,9.02,15.6,Low
139.25,268.07,211.38,143.21,64.67,10.47,Moderate
23.35,23.09,124.64,92.1,75.99,17.8,Low
380.55,237.47,216.88,198.16,35.62,7.22,High
302.88,227.34,237.87,146.08,74.1,13.76,High
339.4,66.38,169.15,151.93,90.25,16.87,Moderate
28.88,246.58,116.67,188.57,25.41,5.24,Moderate
147.37,103.45,54.75,135.14,15.36,15.56,Low
166.63,80.76,249.99,18.67,28.85,13.17,Moderate
29.27,75.01,217.57,186.58,73.84,7.26,Moderate
148.0,237.35,58.42,21.2,43.98,1.34,Moderate
255.99,54.05,232.99,158.97,74.96,2.61,Moderate
155.46,284.76,181.96,59.71,78.84,6.55,Moderate
152.62,224.86,47.37,98.33,76.07,10.57,Moderate
31.34,143.65,168.65,150.67,8.18,3.35,Moderate
124.1,162.19,148.3,195.05,5.38,15.65,Moderate
213.91,162.7,79.0,63.76,92.48,0.97,Moderate
371.51,272.24,243.67,183.54,90.37,9.52,High
59.17,131.4,234.92,182.58,11.08,19.55,Moderate
307.07,129.96,232.18,130.18,55.98,3.74,Moderate
146.86,249.66,132.92,125.23,98.9,0.42,Moderate
179.19,160.65,220.97,190.97,28.39,4.2,Moderate
51.23,57.81,236.57,75.05,26.33,4.01,Low
354.0,255.42,65.08,120.45,43.94,6.52,Moderate
178.06,155.26,83.27,115.9,32.46,10.31,Moderate
312.01,220.79,155.24,181.31,13.77,1.89,Moderate
243.25,232.97,131.34,84.29,85.12,12.66,Moderate
141.55,285.86,199.35,98.7,19.74,1.54,Moderate
93.33,40.63,192.27,30.46,35.16,16.72,Low
194.75,40.82,81.64,96.85,10.74,16.84,Low
138.29,123.17,119.8,18.3,30.73,1.07,Low
278.51,248.44,146.61,54.36,66.82,5.82,Moderate
147.5,60.22,28.75,161.3,43.14,3.12,Low
281.45,111.18,158.1,59.53,79.77,2.31,Moderate
29.71,17.81,237.55,120.33,59.82,2.78,Low
222.84,44.32,240.18,177.92,96.08,10.57,Moderate
332.99,232.26,159.72,161.67,78.82,4.95,Moderate
89.77,176.11,168.18,148.87,85.55,0.25,Moderate
177.35,220.51,240.24,179.02,25.61,7.27,Moderate
131.78,234.52,34.57,66.91,94.02,4.95,Moderate
367.88,130.19,79.24,173.35,47.44,5.75,Moderate
197.89,273.22,186.78,189.72,36.48,19.8,Moderate
44.8,90.58,174.46,61.73,43.89,15.65,Low
370.6,117.78,94.94,138.57,84.56,8.37,Moderate
130.21,192.46,89.51,137.63,30.28,6.24,Moderate
337.41,90.37,191.12,16.51,48.79,17.11,Moderate
275.51,32.85,117.03,140.89,57.56,16.87,Moderate
262.43,268.34,106.22,65.9,29.01,14.6,Moderate
73.95,230.34,227.29,114.31,46.43,11.07,Moderate
334.19,179.89,101.77,198.94,73.26,15.77,Moderate
260.09,58.72,175.4,29.23,74.44,3.86,Moderate
20.87,137.97,42.4,105.62,18.28,4.22,Low
180.58,172.28,42.47,26.0,14.77,7.94,Low
158.83,281.04,198.46,55.73,9.09,10.45,Moderate
54.59,117.42,121.75,181.68,52.03,19.79,Moderate
286.04,100.77,48.59,143.94,18.36,5.17,Moderate
312.85,113.93,191.47,89.51,90.84,6.13,Moderate
134.46,192.9,103.56,162.59,41.62,17.71,Moderate
202.7,147.73,239.82,188.37,80.49,12.54,Moderate
388.19,29.11,122.73,27.45,85.08,6.14,Moderate
128.93,47.01,231.93,129.85,70.13,10.41,Moderate
150.17,237.95,136.6,83.61,58.9,9.37,Moderate
213.24,282.15,193.57,128.3,85.25,11.14,Moderate
239.32,24.6,164.42,114.81,77.64,15.34,Moderate
135.22,197.98,87.87,103.48,94.66,18.14,Moderate
341.04,261.87,207.87,142.74,60.69,18.01,High
396.97,163.42,85.63,64.94,88.38,3.25,Moderate
84.55,223.19,153.46,10.27,97.37,7.7,Moderate
305.15,103.16,24.07,42.59,11.62,12.13,Moderate
348.43,160.92,46.58,179.66,59.78,13.06,Moderate
69.74,118.09,91.64,103.16,51.32,7.56,Low
99.45,118.47,160.67,147.38,97.1,19.61,Moderate
343.32,249.26,92.24,123.19,48.23,3.54,Moderate
31.36,112.81,238.62,56.81,25.37,1.87,Low
243.85,265.08,215.88,92.56,46.0,2.24,Moderate
374.18,110.18,173.65,164.34,91.79,4.69,Moderate
262.07,156.42,43.36,57.56,56.57,15.12,Moderate
61.83,245.82,172.18,139.64,59.08,5.79,Moderate
149.12,29.28,27.26,66.7,43.25,16.67,Low
40.58,204.76,204.84,16.81,73.76,0.9,Moderate
309.24,83.98,87.75,144.38,74.84,8.1,Moderate
282.15,183.16,58.76,101.22,53.75,6.83,Moderate
38.93,113.74,22.3,160.78,76.26,0.22,Low
153.72,33.07,88.25,195.39,32.52,6.95,Moderate
188.41,106.59,172.45,85.79,60.2,9.29,Moderate
42.83,176.03,127.49,138.02,23.19,13.07,Moderate
223.64,262.82,229.26,75.32,36.71,4.17,Moderate
111.12,55.42,177.89,101.82,37.83,13.01,Moderate
153.5,201.06,118.51,103.96,37.0,19.51,Moderate
150.9,219.94,24.7,164.56,53.67,2.11,Moderate
63.09,159.39,216.0,158.54,65.08,3.66,Moderate
204.66,214.43,99.56,179.05,87.31,0.56,Moderate
131.45,184.52,90.49,63.26,30.32,12.56,Moderate
45.95,284.75,120.77,136.24,97.38,2.62,Moderate
247.57,289.38,166.96,125.4,32.03,9.14,Moderate
378.93,277.89,144.7,40.09,11.26,6.03,Moderate
185.19,81.31,134.83,79.5,85.89,18.43,Moderate
102.47,164.86,185.62,23.76,84.63,10.14,Moderate
199.24,186.84,145.02,83.41,66.1,5.29,Moderate
142.61,38.65,57.85,164.49,96.97,7.82,Moderate
168.63,63.44,132.14,14.68,8.18,9.29,Low
279.27,140.04,167.97,87.27,99.22,8.68,Moderate
53.51,104.78,213.17,74.89,86.06,6.77,Moderate
139.27,62.65,74.74,120.36,30.08,0.37,Low
208.26,97.22,51.26,72.96,99.74,3.42,Moderate
125.37,154.4,47.19,27.79,88.85,11.31,Low
21.64,137.76,147.97,117.55,34.67,6.05,Low
298.85,43.07,200.8,34.77,60.68,17.68,Moderate
243.35,91.64,249.09,182.22,27.76,6.69,Moderate
285.94,80.24,227.89,141.69,59.39,13.39,Moderate
35.31,108.44,26.1,132.42,30.78,15.84,Low
145.7,153.52,191.99,32.19,24.82,0.47,Moderate
82.02,297.92,93.57,140.61,5.53,5.84,Moderate
109.63,219.98,162.53,58.12,11.62,2.17,Moderate
264.95,149.52,137.57,29.01,20.85,19.32,Moderate
352.54,84.44,150.55,144.22,19.9,18.12,Moderate
349.15,197.22,225.05,65.61,97.29,5.11,Moderate
32.33,97.64,107.67,39.93,36.28,7.71,Low
61.84,15.1,148.09,28.25,16.02,6.28,Low
361.19,96.82,57.07,116.4,35.12,5.46,Moderate
45.76,291.05,31.99,11.06,11.36,17.5,Low
162.1,176.17,145.18,34.83,88.07,1.89,Moderate
170.97,265.12,172.4,197.77,49.73,10.58,Moderate
259.7,47.52,29.14,147.61,77.3,9.98,Moderate
55.03,93.91,55.69,61.58,61.63,6.4,Low
174.76,192.33,68.67,62.47,85.1,1.6,Moderate
170.33,267.1,152.54,24.97,96.54,8.2,Moderate
342.6,292.51,177.6,22.11,81.78,18.47,Moderate
338.6,74.31,215.75,10.88,68.25,10.92,Moderate
283.06,258.73,235.87,192.67,27.4,17.68,High
351.08,17.81,181.18,82.39,32.82,9.1,Moderate
183.86,266.93,114.54,103.4,46.2,13.34,Moderate
199.56,292.19,168.39,100.23,36.58,19.91,Moderate
35.97,103.53,27.03,11.55,10.29,9.53,Low
388.11,29.75,111.67,64.83,42.66,0.82,Moderate
254.14,38.27,109.04,35.83,82.17,3.83,Moderate
390.54,236.32,237.72,158.75,21.57,19.72,High
168.14,296.05,52.08,181.73,16.01,8.87,Moderate
37.05,34.27,241.13,130.44,59.6,14.46,Moderate
163.12,112.97,27.76,165.91,51.92,15.99,Moderate
197.11,26.46,34.04,50.46,14.44,10.93,Low
68.17,247.81,81.59,30.56,48.69,0.12,Low
157.71,49.63,199.77,16.36,36.43,19.48,Low
96.75,171.72,153.15,62.18,75.69,5.33,Moderate
120.6,53.4,134.26,23.67,76.0,9.44,Low
239.02,257.03,247.26,129.95,57.01,14.0,Moderate
264.26,286.13,94.2,120.02,90.22,5.18,Moderate
373.86,289.75,47.34,80.78,73.55,11.97,Moderate
77.23,142.4,46.91,67.25,97.67,9.03,Low
112.61,52.09,136.08,141.74,63.16,10.45,Moderate
109.75,188.79,82.84,41.52,74.57,7.85,Moderate
192.54,230.86,235.65,140.77,32.79,4.3,Moderate
147.18,203.15,35.68,130.02,56.97,1.0,Moderate
397.89,89.56,145.99,65.11,86.56,9.29,Moderate
343.91,160.29,195.36,153.42,22.83,8.09,Moderate
343.51,176.71,191.84,123.18,60.73,3.42,Moderate
282.09,291.58,139.99,24.13,88.31,6.96,Moderate
191.77,209.67,143.95,187.52,14.93,16.47,Moderate
280.79,58.12,111.41,87.2,67.92,16.54,Moderate
24.9,209.36,120.94,60.35,56.63,12.93,Low
390.76,225.67,74.0,52.88,50.32,0.86,Moderate
63.35,288.15,125.23,157.36,27.12,17.17,Moderate
79.16,286.55,57.5,174.5,82.96,8.7,Moderate
288.14,76.38,199.19,39.8,39.43,15.34,Moderate
306.63,294.77,145.66,154.08,25.76,3.4,Moderate
303.13,101.84,211.61,128.9,85.36,11.83,Moderate
165.75,247.09,121.53,82.74,91.85,18.87,Moderate
127.94,241.28,96.2,49.33,70.43,10.66,Moderate
229.79,191.44,175.63,103.42,62.57,12.37,Moderate
137.46,220.59,176.59,26.09,41.48,12.45,Moderate
205.57,45.61,61.61,62.04,23.12,14.35,Low
24.77,144.71,215.79,27.35,85.53,18.76,Moderate
157.44,130.14,114.91,36.57,36.88,0.1,Low
314.58,70.46,153.96,14.96,59.68,12.38,Moderate
275.2,266.6,105.95,192.25,40.94,3.03,Moderate
268.15,295.28,42.44,41.04,64.21,11.86,Moderate
167.15,173.58,96.46,187.36,20.6,6.59,Moderate
209.93,125.88,45.05,183.22,89.01,12.86,Moderate
43.97,238.52,132.55,101.08,84.86,0.42,Moderate
395.27,32.47,158.01,15.03,84.83,5.54,Moderate
168.54,164.11,183.68,138.47,99.57,4.39,Moderate
396.23,60.21,94.02,92.07,89.48,3.17,Moderate
114.15,85.37,50.97,156.5,43.49,4.77,Low
367.25,150.66,149.14,142.32,35.75,0.96,Moderate
354.34,82.25,111.24,177.09,99.78,5.18,Moderate
60.1,270.75,81.4,191.62,55.84,7.42,Moderate
371.14,163.07,53.47,20.37,74.95,19.7,Moderate
46.36,203.56,135.62,87.99,69.57,10.16,Moderate
272.9,141.62,164.27,143.87,67.67,1.0,Moderate
306.5,16.19,200.9,161.31,65.09,6.3,Moderate
150.05,75.82,87.77,131.39,52.52,18.23,Moderate
338.6,56.69,46.71,46.54,71.57,14.98,Moderate
392.53,247.5,121.55,188.37,99.25,18.6,High
23.6,278.72,119.03,183.24,44.24,16.02,Moderate
231.87,49.95,226.55,180.41,64.83,3.51,Moderate
372.52,218.89,39.91,75.99,34.83,14.77,Moderate
386.12,100.92,68.38,17.1,40.41,16.84,Moderate
357.58,27.63,178.46,38.35,69.64,9.33,Moderate
50.27,160.75,225.13,62.35,78.48,15.6,Moderate
269.26,229.29,160.1,117.75,84.74,10.53,Moderate
76.61,70.9,191.88,180.7,82.53,13.28,Moderate
178.67,195.32,160.34,16.26,7.83,17.74,Moderate
233.89,67.85,117.81,15.36,48.81,12.93,Moderate
213.56,175.02,73.37,142.91,57.75,10.9,Moderate
37.81,252.75,79.19,80.48,31.46,14.62,Moderate
160.71,98.01,71.11,129.03,47.81,19.98,Moderate
292.87,257.84,198.47,13.5,28.14,16.61,Moderate
51.34,144.48,59.59,31.7,75.88,8.79,Low
321.19,158.99,93.56,107.33,33.03,13.62,Moderate
251.13,21.1,168.23,190.43,15.76,13.1,Moderate
134.57,98.25,145.99,151.69,42.58,7.69,Moderate
221.5,295.69,114.03,155.82,62.41,19.65,Moderate
395.8,105.46,49.8,132.74,17.65,11.95,Moderate
93.89,215.75,90.49,198.97,86.69,11.17,Moderate
330.83,37.36,99.42,176.69,69.58,17.28,Moderate
290.85,32.76,41.45,160.9,62.88,19.13,Moderate
104.15,152.06,26.23,118.63,31.55,1.62,Low
233.31,116.52,115.94,88.32,56.46,3.48,Moderate
22.4,178.6,109.41,19.1,13.91,13.66,Low
75.64,257.56,78.14,118.17,6.26,11.3,Moderate
87.19,151.73,94.17,132.86,79.45,18.96,Moderate
151.78,94.22,28.7,133.55,68.68,11.89,Low
248.02,98.22,85.06,76.33,58.9,12.16,Moderate
120.75,15.44,89.71,66.14,86.15,19.24,Low
127.2,128.6,244.91,121.9,14.25,1.83,Moderate
311.41,218.35,102.34,112.95,18.17,1.13,Moderate
342.71,145.26,27.62,51.71,49.47,6.09,Moderate
153.26,85.12,144.66,91.67,31.23,12.76,Moderate
379.14,114.72,73.28,15.06,56.51,4.59,Moderate
324.34,200.47,201.86,132.25,70.08,2.59,Moderate
64.7,165.07,20.83,154.41,42.53,5.64,Low
194.01,93.74,139.3,36.29,10.52,1.92,Low
284.8,209.74,106.95,58.83,67.8,13.57,Moderate
302.83,240.2,158.87,60.99,90.14,3.58,Moderate
144.58,71.69,81.41,26.62,84.91,13.83,Low
225.78,202.94,245.96,193.28,22.69,11.28,Moderate
88.32,179.69,109.52,24.37,80.48,4.73,Low
295.27,147.43,221.07,106.27,9.67,8.81,Moderate
309.52,126.05,214.75,179.4,56.39,12.57,Moderate
359.0,24.33,110.7,66.02,51.31,17.14,Moderate
188.29,46.11,241.17,182.93,89.74,5.28,Moderate
197.85,247.36,126.51,163.96,76.49,19.72,Moderate
145.5,294.32,218.73,140.96,81.82,18.55,Moderate
141.8,110.76,122.08,57.75,7.42,7.14,Low
356.63,223.42,123.52,41.74,70.6,19.3,Moderate
201.86,68.73,132.6,73.38,42.06,0.44,Moderate
327.07,267.16,123.8,18.75,20.62,19.27,Moderate
329.02,64.7,202.87,122.81,28.31,10.5,Moderate
121.13,112.81,187.62,95.8,97.5,12.58,Moderate
364.04,109.9,187.44,140.05,79.23,0.81,Moderate
385.73,75.01,46.66,186.31,79.21,8.7,Moderate
398.65,118.08,27.04,117.49,18.34,15.56,Moderate
398.01,200.21,247.75,21.38,47.09,18.84,Moderate
297.75,240.33,25.46,82.07,41.74,8.21,Moderate
81.03,136.71,168.33,64.28,89.82,10.21,Moderate
394.55,148.81,243.09,171.54,27.49,13.3,High
42.17,151.18,156.91,160.47,77.2,1.86,Moderate
84.63,139.7,151.18,137.78,69.27,12.96,Moderate
342.84,95.32,101.59,142.56,92.36,15.35,Moderate
155.81,251.91,72.24,63.21,9.11,4.13,Moderate
256.04,58.25,68.82,87.96,15.51,17.83,Moderate
49.23,238.35,35.96,46.16,88.2,14.88,Low
388.67,211.28,53.37,98.54,82.1,0.36,Moderate
272.56,236.53,155.96,86.59,25.95,15.96,Moderate
274.74,234.39,36.85,92.38,57.88,13.1,Moderate
310.16,136.14,31.3,52.96,83.1,17.26,Moderate
214.49,33.32,84.98,79.35,72.37,4.54,Low
138.28,166.21,147.53,125.36,68.16,18.86,Moderate
86.93,24.93,202.65,76.55,85.93,0.29,Low
283.33,209.62,180.54,28.86,56.55,13.8,Moderate
374.05,128.62,160.51,148.71,76.26,18.7,Moderate
396.93,80.31,187.07,174.96,44.93,1.19,Moderate
377.04,270.73,89.94,155.58,86.69,17.54,High
128.01,42.64,36.89,174.69,30.79,4.47,Low
117.58,256.51,95.4,55.53,10.58,5.28,Moderate
127.44,226.86,150.84,195.53,26.36,5.18,Moderate
215.95,216.31,147.28,156.04,19.63,19.26,Moderate
211.91,69.34,188.67,189.06,8.13,5.28,Moderate
50.53,126.94,43.2,137.12,53.33,15.08,Low
350.06,162.21,161.45,136.76,37.29,2.02,Moderate
343.47,40.87,91.06,85.88,66.53,14.23,Moderate
143.32,225.16,146.85,180.9,19.68,1.38,Moderate
364.14,268.81,42.55,174.01,59.94,4.32,Moderate
155.44,138.77,245.09,157.7,61.56,1.24,Moderate
129.1,141.9,113.21,22.06,7.73,14.83,Low
288.32,214.17,96.42,174.29,14.87,1.63,Moderate
29.55,242.03,119.14,93.07,94.27,18.99,Moderate
102.44,173.4,209.66,179.78,17.95,13.83,Moderate
29.52,299.27,134.38,98.73,65.49,3.36,Moderate
129.39,235.64,137.14,179.72,73.82,0.65,Moderate
293.04,177.49,149.66,142.51,89.19,19.73,Moderate
397.9,180.3,133.9,107.84,49.76,10.84,Moderate
388.83,182.59,63.34,167.9,59.23,19.49,Moderate
284.13,61.0,166.02,132.87,50.84,2.63,Moderate
335.81,201.32,207.28,33.94,93.04,3.84,Moderate
106.83,71.23,202.4,12.46,52.4,6.78,Low
53.2,244.81,122.33,194.18,55.71,11.82,Moderate
30.83,255.28,92.87,167.5,98.9,7.64,Moderate
69.28,35.96,115.54,179.2,94.4,2.32,Moderate
329.45,110.8,92.57,20.08,10.98,0.47,Moderate
280.43,30.17,233.05,67.57,38.5,18.58,Moderate
381.06,209.59,204.87,60.77,57.96,7.05,Moderate
81.0,98.56,241.18,67.45,80.01,3.48,Moderate
224.95,209.3,219.84,162.69,10.77,19.32,Moderate
97.81,250.08,22.31,29.73,89.61,17.39,Moderate
247.45,96.61,202.23,62.47,22.17,12.63,Moderate
354.93,140.98,175.17,11.28,29.94,8.5,Moderate
296.78,245.33,104.16,64.76,76.03,5.53,Moderate
311.7,157.14,220.09,168.96,11.79,12.72,Moderate
143.02,225.83,246.35,118.74,5.04,11.93,Moderate
74.66,281.61,248.03,74.58,20.87,2.51,Moderate
97.69,207.84,36.48,105.18,98.14,14.55,Moderate
97.65,129.81,117.3,99.2,38.34,4.94,Low
167.46,167.07,36.91,46.89,43.61,4.73,Low
128.99,221.62,201.2,69.48,76.09,13.99,Moderate
36.88,221.31,240.39,29.46,24.9,8.12,Moderate
150.24,285.68,175.52,163.98,75.79,7.77,Moderate
54.82,172.5,101.19,133.51,54.61,3.95,Moderate
346.73,269.86,185.24,56.46,26.76,1.17,Moderate
215.19,212.76,44.8,120.19,97.5,4.3,Moderate
56.01,75.85,88.41,133.25,60.8,16.57,Low
360.36,54.02,153.08,67.76,54.43,1.57,Moderate
386.86,104.27,236.62,62.71,57.82,3.93,Moderate
370.56,212.39,99.2,73.96,81.0,6.6,Moderate
308.1,261.68,104.84,23.8,48.42,5.3,Moderate
294.0,96.45,143.59,66.27,90.39,6.22,Moderate
200.97,290.86,164.84,79.51,83.05,16.4,Moderate
323.47,30.38,69.97,75.58,10.94,10.81,Moderate
337.64,136.92,47.28,47.35,10.91,6.52,Moderate
31.52,52.71,138.75,57.1,76.82,3.93,Low
79.1,134.42,42.86,40.12,22.62,9.85,Low
392.36,162.33,223.74,87.56,10.51,8.87,Moderate
349.38,17.86,181.79,168.99,5.57,11.24,Moderate
342.28,230.26,194.49,130.19,71.5,15.05,Moderate
339.32,144.07,54.6,132.48,38.14,1.96,Moderate
356.5,229.08,160.56,173.63,31.0,5.29,Moderate
68.24,45.94,107.92,47.98,66.52,2.55,Low
306.13,239.01,26.79,66.3,89.89,16.26,Moderate
299.23,173.66,213.07,118.12,86.83,12.4,Moderate
263.68,52.76,120.0,128.7,15.06,18.99,Moderate
282.63,64.72,222.93,166.84,54.89,19.5,Moderate
265.78,43.9,62.58,78.18,92.34,13.58,Moderate
295.54,148.36,122.87,54.07,76.55,3.65,Moderate
245.6,49.21,153.14,157.84,78.05,6.96,Moderate
205.78,27.39,205.46,21.61,91.08,13.4,Moderate
234.09,91.61,34.48,106.93,25.55,14.88,Moderate
39.28,269.2,30.17,191.89,33.04,15.03,Moderate
399.71,235.32,210.58,192.65,62.9,18.12,High
350.65,278.12,186.73,111.18,31.3,9.34,Moderate
128.38,178.86,235.36,96.24,84.79,19.92,Moderate
66.9,100.52,51.72,117.2,96.81,16.41,Low
292.79,239.16,90.71,165.05,45.94,5.78,Moderate
225.7,22.07,74.0,37.07,16.31,3.83,Low
239.9,24.49,105.96,27.79,25.13,19.05,Low
284.27,261.98,152.48,75.19,25.2,13.3,Moderate
358.37,140.49,234.38,59.68,85.47,18.27,Moderate
234.69,79.32,69.4,139.45,19.87,14.37,Moderate
244.74,291.3,28.32,127.18,6.48,8.9,Moderate
129.33,133.62,229.24,127.53,23.43,3.43,Moderate
23.82,113.68,59.12,109.65,80.12,2.02,Low
342.69,93.15,98.02,42.15,99.71,5.65,Moderate
395.66,21.07,151.44,150.52,50.9,1.11,Moderate
156.97,224.35,57.6,33.17,81.56,13.83,Moderate
166.63,151.72,209.35,159.58,54.86,18.1,Moderate
396.0,134.27,203.7,70.96,52.14,3.04,Moderate
102.1,218.27,123.84,40.83,6.74,4.43,Moderate
378.32,69.34,28.88,171.95,83.58,13.09,Moderate
188.37,19.72,77.49,93.05,71.74,11.88,Low
279.39,119.07,82.27,77.57,28.04,10.68,Moderate
265.57,176.34,120.3,40.14,99.24,12.01,Moderate
152.75,65.23,66.13,28.84,60.82,15.11,Low
100.07,198.07,138.35,119.11,35.75,18.29,Moderate
349.78,57.0,242.12,34.49,78.13,0.1,Moderate
278.29,296.26,214.47,26.37,53.59,17.68,Moderate
261.48,243.09,114.25,19.13,17.65,11.03,Moderate
375.71,57.83,222.18,46.85,23.34,1.55,Moderate
103.48,85.89,101.8,35.5,41.08,11.69,Low
25.3,148.62,50.51,22.75,19.52,18.02,Low
307.38,255.61,168.0,181.36,50.6,14.35,Moderate
172.67,266.59,86.29,59.55,75.38,13.47,Moderate
376.57,280.8,152.91,114.74,51.02,14.66,Moderate
386.67,286.79,50.78,109.6,25.11,5.55,Moderate
276.17,59.24,112.31,116.65,66.01,3.03,Moderate
197.47,156.16,247.25,89.6,52.56,5.73,Moderate
135.53,97.25,113.84,112.86,34.28,0.53,Moderate
277.8,79.7,84.12,25.92,13.31,18.35,Moderate
248.71,87.6,22.28,136.3,50.63,15.08,Moderate
75.55,187.11,115.73,157.78,97.1,3.67,Moderate
112.28,233.54,75.35,91.29,7.13,16.03,Moderate
32.71,87.25,87.87,92.58,76.16,17.52,Low
279.39,239.8,125.36,86.74,37.9,14.07,Moderate
148.02,168.05,246.61,198.88,84.08,7.72,Moderate
202.76,47.78,48.56,199.58,87.3,5.45,Moderate
60.32,175.12,150.77,182.69,67.0,11.19,Moderate
119.72,39.71,227.34,79.61,64.4,4.56,Moderate
90.5,88.42,33.7,137.03,50.2,1.44,Low
65.61,82.27,160.17,117.5,35.24,16.76,Low
256.63,146.71,83.27,138.09,45.04,4.98,Moderate
56.8,165.06,165.09,107.92,35.03,13.55,Moderate
107.96,281.69,117.38,101.91,77.27,15.31,Moderate
382.12,72.84,241.12,31.59,74.43,7.64,Moderate
190.17,88.4,21.34,117.47,16.06,4.66,Low
196.97,298.75,101.94,98.61,63.7,5.39,Moderate
234.18,231.53,224.65,199.27,13.1,0.56,Moderate
125.09,298.72,206.91,145.83,57.23,16.0,Moderate
83.08,169.07,36.28,170.57,94.41,15.05,Moderate
266.47,166.24,196.1,163.72,15.54,9.77,Moderate
22.64,210.63,56.95,21.66,37.01,16.41,Low
222.72,177.96,56.5,102.36,29.01,8.71,Moderate
179.95,148.82,204.04,187.25,81.92,13.15,Moderate
369.52,34.77,144.58,148.24,39.89,7.42,Moderate
336.7,186.75,113.5,119.86,6.4,19.28,Moderate
115.81,147.44,244.15,179.62,26.77,6.86,Moderate
242.33,252.07,134.92,34.88,11.37,8.38,Moderate
315.44,221.16,186.89,19.16,70.97,17.85,Moderate
145.04,287.88,64.01,77.6,47.64,15.05,Moderate
257.92,140.0,179.57,125.6,71.3,5.9,Moderate
159.51,265.07,239.31,23.74,18.59,14.96,Moderate
191.08,208.13,233.54,199.98,46.5,11.67,Moderate
241.96,288.38,241.2,37.28,34.57,18.05,Moderate
191.28,198.62,54.1,94.84,37.15,0.28,Moderate
394.27,84.33,34.42,119.45,15.02,18.8,Moderate
353.06,23.24,225.97,185.93,51.62,4.25,Moderate
26.52,146.13,78.67,134.32,50.71,14.98,Low
105.82,192.05,133.75,144.46,96.85,19.19,Moderate
177.85,181.63,206.83,76.81,27.92,8.07,Moderate
302.24,114.35,21.33,176.15,16.91,9.81,Moderate
260.23,155.34,172.57,163.61,48.43,0.96,Moderate
370.99,241.08,42.6,53.76,22.49,11.47,Moderate
58.6,139.76,93.81,113.48,58.84,16.93,Low
341.37,266.06,58.42,94.62,92.19,3.66,Moderate
331.55,263.54,57.7,60.4,29.73,0.15,Moderate
350.41,129.22,38.22,184.28,33.89,16.07,Moderate
303.33,99.83,85.46,18.9,53.45,3.91,Moderate
333.49,248.3,229.67,107.25,58.04,2.87,Moderate
362.99,96.75,148.12,99.73,53.03,3.46,Moderate
203.85,141.16,197.1,172.29,71.2,10.45,Moderate
272.1,38.47,220.91,164.83,67.58,6.42,Moderate
281.39,24.5,67.57,53.15,18.4,14.1,Low
167.15,118.82,140.38,185.1,41.84,0.43,Moderate
360.73,60.3,39.86,173.65,6.73,1.55,Moderate
98.16,75.57,148.96,130.23,39.51,13.55,Moderate
201.71,112.92,160.46,124.22,49.04,11.76,Moderate
204.18,210.99,74.65,121.74,72.23,1.25,Moderate
251.52,166.42,46.89,16.08,27.48,17.68,Moderate
323.67,43.36,82.72,124.02,30.67,8.43,Moderate
101.72,47.55,153.42,128.17,37.3,14.61,Low
38.63,120.9,194.31,192.17,63.76,11.09,Moderate
88.07,235.2,222.8,137.28,6.33,2.06,Moderate
377.62,296.14,43.11,159.49,28.88,17.52,Moderate
200.86,33.35,42.41,54.75,73.06,6.03,Low
332.82,77.55,100.62,165.86,92.28,13.51,Moderate
44.13,226.47,114.23,67.87,63.14,8.39,Moderate
186.02,224.44,117.88,109.49,65.68,14.21,Moderate
309.09,222.28,34.64,136.13,30.5,16.04,Moderate
112.75,56.77,125.01,91.21,97.54,4.58,Moderate
260.16,137.75,141.74,83.59,53.83,9.24,Moderate
29.86,27.64,216.13,48.92,12.75,14.56,Low
91.81,53.46,231.74,80.09,38.96,14.94,Moderate
72.27,188.6,153.39,44.12,53.85,10.24,Moderate
112.84,100.59,90.25,70.71,93.41,7.33,Low
362.94,78.33,102.19,122.36,55.72,18.78,Moderate
126.0,159.23,53.33,92.9,10.86,2.78,Low
167.41,294.87,43.17,185.51,28.56,13.92,Moderate
192.08,172.77,247.81,27.0,88.81,16.33,Moderate
394.64,129.05,137.03,101.73,85.53,16.13,Moderate
381.41,243.21,238.82,164.74,96.14,16.66,High
237.02,234.9,128.56,44.52,8.59,15.8,Moderate
83.83,235.01,55.36,173.22,57.36,4.9,Moderate
350.01,246.94,241.82,184.83,11.51,2.61,High
353.32,68.91,188.76,58.26,91.13,15.06,Moderate
181.96,29.57,139.85,86.49,39.22,14.17,Moderate
305.04,182.92,172.71,30.69,28.35,4.16,Moderate
181.17,101.85,117.82,100.92,39.34,6.26,Moderate
329.47,140.01,173.57,106.97,61.87,0.45,Moderate
172.81,280.81,200.71,30.62,29.88,19.09,Moderate
21.22,167.54,91.5,159.23,86.82,17.74,Moderate
195.83,203.54,173.8,18.22,38.56,16.4,Moderate
212.52,45.58,85.21,190.74,89.75,10.83,Moderate
336.63,222.92,27.52,33.36,17.79,15.42,Moderate
228.61,222.86,92.11,162.86,26.45,5.05,Moderate
303.86,16.59,107.75,42.74,72.49,12.0,Moderate
110.34,154.41,48.36,21.47,29.19,2.73,Low
123.31,237.05,241.25,186.19,6.36,1.94,Moderate
338.3,86.25,208.08,89.72,61.3,5.32,Moderate
205.99,136.01,27.86,36.52,97.57,4.29,Moderate
46.84,152.7,229.37,153.49,97.05,16.49,Moderate
239.77,62.27,212.07,18.59,45.91,1.71,Moderate
246.25,226.9,45.93,24.58,93.24,12.67,Moderate
246.37,135.83,246.5,54.09,7.97,3.56,Moderate
342.44,118.18,176.91,53.2,57.89,6.05,Moderate
153.79,131.27,239.75,26.6,80.36,1.41,Moderate
398.27,255.29,128.43,178.45,37.64,0.47,High
351.66,96.45,44.64,138.76,60.86,7.02,Moderate
34.76,147.85,216.92,134.67,23.62,16.22,Moderate
148.1,185.24,92.77,91.75,87.43,2.03,Moderate
173.96,217.22,242.92,55.86,46.87,0.78,Moderate
197.31,178.42,135.08,159.47,41.91,9.08,Moderate
99.6,94.17,23.65,147.6,20.64,10.32,Low
333.58,97.15,129.77,85.88,14.02,5.51,Moderate
255.05,23.11,175.55,69.66,25.68,16.16,Moderate
113.68,250.64,85.21,132.21,74.13,3.73,Moderate
56.63,186.96,107.67,123.05,23.45,16.8,Moderate
119.54,127.98,40.87,24.24,85.03,15.26,Low
370.73,140.45,92.6,167.73,21.87,2.38,Moderate
396.43,37.04,248.88,77.87,68.3,2.09,Moderate
302.35,241.38,29.44,62.64,35.59,19.19,Moderate
381.19,184.42,28.78,199.55,49.36,16.64,Moderate
383.07,96.01,244.42,178.1,48.77,1.94,Moderate
234.71,49.59,105.68,105.31,63.85,15.53,Moderate
53.44,174.77,178.57,74.09,19.08,7.19,Moderate
396.41,102.63,87.32,168.4,86.56,19.0,Moderate
308.89,200.1,132.47,156.79,98.49,2.94,Moderate
206.38,62.45,206.86,73.67,29.45,9.34,Moderate
108.0,32.83,193.16,68.44,67.77,10.62,Low
399.77,274.85,211.56,173.48,36.36,9.23,High
213.7,162.84,229.88,88.9,80.73,11.76,Moderate
185.64,100.45,186.97,32.19,7.81,6.28,Moderate
239.68,177.97,160.69,108.04,76.25,19.48,Moderate
288.85,279.86,241.03,86.82,31.14,14.08,Moderate
99.98,19.76,215.74,76.74,6.72,4.21,Low
355.76,186.59,93.2,158.47,7.84,12.92,Moderate
138.26,64.36,246.38,106.88,33.79,1.85,Moderate
202.79,255.44,67.7,62.45,66.37,13.99,Moderate
324.04,148.73,220.69,78.02,8.43,7.87,Moderate
379.38,88.04,55.34,60.2,51.97,10.86,Moderate
95.68,163.67,209.02,121.44,5.56,2.28,Moderate
114.18,119.94,87.84,115.06,89.37,12.34,Moderate
36.07,36.2,75.44,182.84,31.31,4.54,Low
156.9,299.73,200.3,48.79,92.9,13.81,Moderate
277.04,197.88,166.34,110.39,91.24,16.84,Moderate
119.17,125.15,73.48,183.86,59.58,10.37,Moderate
180.04,55.98,73.77,152.55,16.97,6.91,Moderate
23.55,210.31,25.96,58.06,34.77,16.76,Low
173.25,30.65,58.63,85.1,66.28,12.86,Low
274.13,100.06,193.17,23.3,34.8,17.51,Moderate
65.89,100.31,149.08,115.85,64.84,12.45,Moderate
65.34,91.87,102.87,54.91,68.76,18.63,Low
194.05,116.26,32.89,58.53,9.33,14.81,Low
349.1,194.96,114.26,117.25,91.84,17.61,Moderate
158.44,84.59,224.84,150.6,53.71,1.12,Moderate
142.81,226.39,88.86,192.18,38.29,7.41,Moderate
357.02,49.06,68.18,95.53,85.23,4.31,Moderate
78.75,27.75,28.28,65.27,66.15,18.4,Low
28.27,38.8,76.13,53.28,16.14,9.39,Low
175.62,252.25,202.52,172.83,95.71,16.39,Moderate
162.33,120.06,80.14,193.88,75.84,1.01,Moderate
396.02,81.22,244.75,91.56,18.89,2.57,Moderate
143.62,242.26,159.55,165.26,6.7,2.2,Moderate
256.38,209.36,132.09,25.29,56.27,4.39,Moderate
195.87,24.96,107.04,105.57,29.0,15.57,Low
350.82,251.97,169.38,191.8,35.32,6.82,High
148.04,136.14,184.38,183.98,65.17,17.54,Moderate
149.36,206.25,147.37,192.09,22.93,0.7,Moderate
93.36,171.63,90.68,78.66,89.73,10.24,Moderate
240.15,123.41,179.3,107.76,32.31,4.61,Moderate
53.69,232.11,201.38,16.19,95.82,13.04,Moderate
365.73,287.43,215.18,152.6,90.34,14.68,High
347.41,36.09,203.73,103.24,31.22,10.68,Moderate
336.05,159.68,150.71,108.85,67.66,14.76,Moderate
315.48,273.49,179.02,137.52,94.79,19.15,High
346.92,169.49,116.1,41.1,90.74,17.79,Moderate
123.17,199.42,132.58,33.06,63.76,7.48,Moderate
168.65,109.36,110.66,74.15,15.73,1.05,Low
229.58,28.6,124.03,55.75,15.99,11.04,Low
284.37,156.0,130.44,114.81,97.88,4.01,Moderate
178.12,216.83,71.55,47.44,21.81,6.84,Moderate
374.31,296.34,33.72,14.16,91.32,14.86,Moderate
259.09,21.72,208.56,158.22,27.86,11.24,Moderate
315.46,118.75,134.32,102.79,5.21,18.55,Moderate
308.94,213.71,92.03,89.64,52.81,3.02,Moderate
150.48,33.42,97.54,24.59,43.58,3.94,Low
211.0,18.31,126.42,12.44,62.86,4.74,Low
275.89,54.62,188.41,52.37,33.35,13.36,Moderate
109.41,39.65,243.23,160.24,62.39,9.21,Moderate
314.61,273.14,140.9,60.56,74.41,12.52,Moderate
50.47,94.02,30.38,154.15,88.8,12.72,Low
355.22,233.21,160.19,168.55,47.61,11.22,Moderate
257.49,96.95,179.94,27.06,30.79,6.4,Moderate
38.33,80.41,33.31,27.57,43.23,13.57,Low
249.1,165.28,208.35,120.67,16.79,5.61,Moderate
23.38,186.73,49.36,164.35,8.22,7.36,Low
310.82,175.97,68.97,53.16,29.04,4.84,Moderate
241.45,50.56,246.61,47.22,72.95,15.96,Moderate
360.78,125.38,113.7,188.27,90.47,3.72,Moderate
94.2,85.91,178.63,140.76,81.37,0.92,Moderate
343.73,183.43,61.45,36.18,6.28,8.13,Moderate
135.3,147.59,116.97,161.05,11.12,17.93,Moderate
225.16,196.95,90.65,181.76,30.9,8.88,Moderate
172.34,247.12,191.92,25.62,32.69,4.16,Moderate
168.94,241.76,190.73,61.53,70.87,8.37,Moderate
191.23,89.43,113.23,126.14,32.13,5.79,Moderate
340.49,51.58,169.54,54.11,46.63,4.19,Moderate
299.84,158.4,120.83,169.12,69.21,19.62,Moderate
186.32,113.41,111.51,33.61,26.32,10.92,Low
243.84,115.66,27.66,111.61,92.41,19.12,Moderate
57.4,218.52,157.73,72.51,24.73,13.34,Moderate
239.78,82.02,36.6,126.09,90.61,11.74,Moderate
99.81,263.28,165.92,98.02,77.1,6.06,Moderate
182.21,212.72,214.25,155.49,31.58,10.23,Moderate
305.85,49.92,33.99,91.64,38.7,1.34,Moderate
20.54,128.91,29.25,174.97,6.95,6.49,Low
156.06,221.6,166.22,99.21,53.22,16.67,Moderate
20.83,154.53,198.47,197.53,94.66,2.75,Moderate
378.21,158.25,220.15,192.06,13.14,3.04,Moderate
219.95,199.42,102.64,40.14,63.01,17.34,Moderate
295.86,118.43,167.42,143.82,68.19,3.92,Moderate
330.28,222.22,171.37,133.24,77.55,3.51,Moderate
27.35,213.02,128.02,88.01,95.61,6.91,Moderate
141.81,44.68,119.92,126.53,38.89,8.24,Low
63.85,259.87,70.96,198.52,78.98,5.98,Moderate
47.03,140.33,21.61,77.11,29.13,12.36,Low
251.67,123.09,86.0,124.14,46.83,8.05,Moderate
336.73,215.14,125.6,21.84,34.64,12.53,Moderate
143.63,87.8,61.6,128.34,74.4,19.24,Moderate
53.39,268.98,246.8,16.63,64.0,4.24,Moderate
260.42,131.07,152.39,187.81,41.52,15.72,Moderate
399.68,231.17,107.88,91.61,85.87,15.23,Moderate
114.67,61.5,65.2,185.98,76.05,16.52,Moderate
112.42,268.1,73.35,121.99,15.86,4.2,Moderate
282.79,203.72,20.5,64.15,12.09,1.06,Moderate
345.64,67.5,112.32,36.99,88.29,3.29,Moderate
158.45,247.61,91.81,176.73,12.27,10.01,Moderate
328.18,288.52,105.18,190.92,10.87,11.44,Moderate
365.49,262.71,174.26,129.2,65.88,14.04,High
282.13,125.38,230.09,71.23,8.44,5.61,Moderate
372.67,231.9,47.67,11.84,13.88,10.03,Moderate
66.72,63.52,208.16,178.1,36.25,1.93,Moderate
195.93,193.38,36.85,21.43,63.12,1.11,Moderate
346.81,159.64,70.54,46.52,61.01,15.44,Moderate
274.38,90.83,231.37,42.37,87.11,4.72,Moderate
337.79,253.75,68.82,166.23,53.62,16.61,Moderate
310.95,151.37,147.04,111.7,86.83,12.53,Moderate
369.71,257.57,126.64,96.96,22.51,6.98,Moderate
293.45,30.88,226.0,155.31,22.41,18.6,Moderate
114.43,149.91,184.61,185.49,28.72,5.86,Moderate
277.99,222.81,143.82,168.34,53.26,15.12,Moderate
125.47,131.21,199.13,38.24,22.04,17.43,Moderate
301.73,172.69,75.31,75.7,70.96,11.07,Moderate
155.77,153.65,101.97,165.42,24.78,15.93,Moderate
48.55,169.12,241.25,137.78,29.94,11.19,Moderate
276.71,184.62,222.4,14.44,48.61,12.44,Moderate
288.8,114.74,25.98,121.4,10.82,18.29,Moderate
205.32,67.31,159.67,45.54,91.8,10.99,Moderate
368.88,92.23,27.18,110.46,68.46,5.38,Moderate
294.4,27.12,124.34,173.82,47.61,12.82,Moderate
357.06,141.37,241.61,67.11,90.1,6.63,Moderate
376.14,274.59,174.67,68.69,20.46,10.85,Moderate
268.19,113.09,51.83,75.39,89.97,9.03,Moderate
240.06,260.16,80.3,27.45,48.78,0.98,Moderate
169.81,232.63,120.02,154.52,82.29,11.08,Moderate
104.69,244.24,78.26,93.15,38.86,10.08,Moderate
123.83,156.47,20.0,197.93,83.23,2.45,Moderate
271.69,100.91,217.06,75.73,5.22,1.74,Moderate
314.28,114.1,50.15,17.52,44.43,5.59,Moderate
124.53,84.65,211.32,14.56,12.69,8.15,Low
162.27,59.81,149.38,60.61,71.23,5.29,Moderate
89.97,170.28,187.3,99.7,6.44,12.93,Moderate
148.84,74.6,60.58,191.33,19.08,16.09,Moderate
44.74,24.77,144.29,174.18,35.72,7.41,Low
311.67,273.04,131.56,50.9,7.32,0.63,Moderate
255.37,194.23,221.24,162.53,29.87,19.24,Moderate
219.81,161.5,198.02,104.35,40.59,14.81,Moderate
90.57,211.93,237.39,160.33,90.39,12.6,Moderate
268.17,162.58,178.76,128.16,93.9,8.73,Moderate
198.5,30.61,45.12,182.96,98.36,1.89,Moderate
310.12,74.79,185.34,189.28,83.0,17.19,Moderate
282.07,107.07,120.32,99.81,91.32,17.08,Moderate
200.71,190.84,98.66,156.86,6.89,19.63,Moderate
248.57,92.6,146.71,34.13,43.68,19.82,Moderate
260.24,269.49,63.63,49.62,48.29,9.41,Moderate
307.71,55.18,224.89,57.72,40.08,4.6,Moderate
36.64,281.89,172.39,113.86,74.73,14.25,Moderate
372.24,92.18,206.94,65.26,39.84,13.49,Moderate
237.38,129.55,97.17,104.93,81.63,19.85,Moderate
72.45,262.84,247.19,99.14,44.26,3.57,Moderate
224.6,99.18,125.13,172.81,91.1,18.5,Moderate
267.05,256.23,124.62,118.09,36.2,9.33,Moderate
328.74,40.05,23.53,88.91,23.33,16.3,Moderate
322.35,280.65,176.2,27.53,35.4,1.42,Moderate
119.08,170.74,120.98,124.65,48.86,9.2,Moderate
60.35,170.04,246.19,20.36,64.5,2.89,Moderate
176.99,43.47,124.55,183.12,92.52,2.42,Moderate
323.85,259.69,123.97,165.19,84.9,5.36,Moderate
283.35,112.01,91.03,132.46,96.65,4.69,Moderate
319.55,144.81,29.13,195.74,91.25,19.06,Moderate
273.47,178.87,219.54,192.5,27.4,3.02,Moderate
121.63,70.53,137.85,135.56,74.2,15.52,Moderate
92.57,17.46,147.55,169.06,14.85,15.62,Low
174.79,299.0,229.7,159.07,69.8,15.07,Moderate
26.08,20.86,115.71,61.03,97.63,6.32,Low
99.48,295.65,83.93,109.69,55.62,7.15,Moderate
183.32,274.96,239.23,74.64,92.73,2.31,Moderate
358.26,138.84,120.74,60.39,57.44,3.45,Moderate
251.66,200.96,44.11,177.75,60.78,16.75,Moderate
321.29,141.03,25.79,157.94,42.92,15.2,Moderate
234.58,112.08,142.68,100.26,26.54,0.49,Moderate
215.76,195.59,57.04,117.95,5.32,8.41,Moderate
305.92,285.42,233.77,194.87,85.81,14.7,High
252.72,38.73,211.31,115.22,15.08,13.05,Moderate
24.9,179.88,28.76,17.83,10.58,19.63,Low
95.49,58.76,101.09,50.59,25.46,8.33,Low
115.92,149.84,132.56,199.35,91.98,3.88,Moderate
239.8,32.08,44.12,96.17,84.67,6.72,Moderate
168.49,286.96,99.69,91.11,63.57,12.4,Moderate
299.87,155.82,144.05,73.02,11.71,1.3,Moderate
325.96,18.58,130.59,130.66,23.6,9.43,Moderate
98.69,82.62,234.33,175.42,38.36,18.84,Moderate
395.64,107.59,209.0,85.42,39.72,18.92,Moderate
339.17,240.27,238.29,102.93,61.46,4.11,Moderate
158.77,109.53,178.54,25.68,24.68,12.85,Moderate
59.63,260.49,175.09,108.81,95.8,10.57,Moderate
300.22,249.48,135.84,142.82,84.19,0.18,Moderate
304.46,200.87,68.06,95.51,95.1,2.51,Moderate
359.89,262.04,103.07,166.13,54.0,3.08,Moderate
104.68,151.76,138.65,75.4,77.13,8.62,Moderate
291.74,127.22,208.96,140.21,17.03,0.31,Moderate
278.8,186.12,235.28,34.79,98.71,5.44,Moderate
112.14,165.22,212.34,171.96,25.15,5.59,Moderate
242.08,25.84,51.61,193.59,93.84,8.62,Moderate
355.73,182.79,210.07,163.99,26.93,9.75,Moderate
58.04,40.15,29.14,147.82,81.06,2.71,Low
32.96,75.66,89.61,74.17,55.13,7.87,Low
37.93,65.81,144.14,190.88,28.11,5.71,Low
306.72,233.18,149.15,192.69,79.26,14.67,Moderate
194.45,167.43,199.8,161.87,43.13,19.89,Moderate
227.42,75.72,147.52,72.06,83.1,9.34,Moderate
391.15,286.83,39.58,127.54,93.49,13.04,Moderate
388.8,79.73,158.64,126.05,21.54,15.91,Moderate
203.71,170.91,117.87,105.59,92.46,12.75,Moderate
221.08,60.95,106.06,13.24,9.43,8.84,Low
381.24,164.9,108.22,140.18,61.88,12.18,Moderate
56.61,288.55,207.01,52.96,49.04,0.59,Moderate
382.93,138.57,134.35,115.79,28.25,2.06,Moderate
162.85,127.04,243.93,16.69,74.21,13.09,Moderate
306.13,80.48,62.35,188.41,14.85,4.24,Moderate
119.59,85.6,195.47,53.69,70.02,11.98,Moderate
365.38,191.12,140.04,113.11,59.15,12.97,Moderate
171.2,182.11,38.51,146.06,69.74,9.28,Moderate
330.23,53.77,65.61,179.44,24.95,9.89,Moderate
159.23,121.89,20.44,178.55,21.83,11.91,Moderate
58.44,51.61,171.51,97.16,98.2,11.05,Low
351.59,204.42,39.36,42.02,87.09,2.57,Moderate
57.52,16.92,47.38,70.72,9.95,10.43,Low
289.13,201.85,128.0,60.2,50.84,13.61,Moderate
246.66,97.99,98.69,185.53,70.28,14.02,Moderate
308.39,136.91,99.28,65.06,20.07,19.97,Moderate
258.49,251.3,108.93,130.14,36.19,5.36,Moderate
237.68,248.79,205.02,158.56,45.81,14.92,Moderate
125.1,221.15,80.35,158.7,47.94,0.85,Moderate
136.36,50.96,117.09,150.79,23.97,16.48,Moderate
42.96,101.07,240.07,100.01,16.9,9.6,Moderate
129.04,251.39,88.37,118.88,88.29,12.52,Moderate
104.24,93.38,65.11,22.52,91.17,3.32,Low
28.15,188.52,56.9,39.95,72.64,0.45,Low
170.02,287.18,177.59,40.5,83.13,10.05,Moderate
33.12,99.75,223.24,20.29,98.23,0.43,Low
65.45,132.84,242.69,157.08,41.61,6.24,Moderate
244.73,160.41,30.87,105.56,8.62,11.52,Moderate
264.17,177.93,125.52,189.01,13.43,15.63,Moderate
302.99,192.12,106.92,153.94,28.53,2.52,Moderate
101.94,100.2,50.52,179.33,42.5,7.35,Low
184.45,258.4,137.59,102.0,17.04,17.61,Moderate
372.65,282.56,245.67,86.44,55.44,4.37,High
126.34,77.23,246.03,76.82,52.41,5.74,Moderate
100.58,275.32,64.62,54.13,23.32,19.51,Moderate
340.9,221.76,135.73,154.21,56.53,11.64,Moderate
355.05,283.22,248.42,151.7,85.01,6.72,High
242.63,175.19,165.79,91.72,60.9,2.46,Moderate
84.27,83.39,151.3,131.95,32.98,15.33,Moderate
116.37,90.23,224.42,181.48,75.47,12.39,Moderate
63.16,76.79,166.58,60.7,34.87,8.72,Low
399.47,240.99,152.26,38.98,35.52,11.25,Moderate
191.13,117.26,64.38,158.99,52.49,8.85,Moderate
260.63,91.04,177.08,171.5,82.19,0.54,Moderate
191.11,116.02,24.65,127.72,13.38,13.06,Moderate
399.89,87.37,119.62,197.23,22.84,7.47,Moderate
142.22,20.31,202.01,156.62,77.91,19.39,Moderate
88.44,258.26,85.48,190.6,97.55,5.29,Moderate
315.49,249.99,42.62,46.24,97.14,14.53,Moderate
27.15,144.02,174.02,84.23,16.58,16.26,Low
65.53,278.88,207.47,132.68,53.49,10.74,Moderate
162.26,29.06,213.83,175.27,78.4,2.77,Moderate
136.25,259.7,224.66,85.6,29.19,2.71,Moderate
381.18,79.64,191.95,107.53,41.56,16.29,Moderate
306.61,182.85,155.54,105.27,33.11,14.93,Moderate
34.91,80.77,61.61,14.48,52.79,11.95,Low
34.71,202.48,237.14,31.54,26.56,1.22,Moderate
192.33,115.5,42.86,75.74,32.07,7.97,Low
65.54,155.24,235.62,153.98,42.14,2.08,Moderate
340.33,166.15,133.15,92.59,74.7,18.86,Moderate
271.53,271.9,139.67,185.95,32.26,11.94,Moderate
240.05,21.6,119.03,109.48,22.96,3.12,Moderate
207.55,264.66,135.07,99.03,77.57,5.12,Moderate
209.76,44.98,211.89,107.86,64.98,11.07,Moderate
113.04,139.29,27.41,82.01,5.57,16.39,Low
391.56,292.67,212.31,103.07,59.27,4.72,High
274.62,208.82,184.09,195.64,84.42,17.99,Moderate
28.09,101.89,60.28,173.93,97.05,5.47,Low
261.72,262.3,198.75,26.32,29.0,17.77,Moderate
81.52,284.61,105.9,134.88,54.45,16.36,Moderate
303.11,132.26,195.62,187.19,9.15,16.56,Moderate
177.26,148.0,124.61,69.7,84.08,9.06,Moderate
110.2,105.43,34.87,141.59,40.72,3.58,Low
146.77,130.05,93.63,61.47,90.85,11.62,Moderate
303.9,281.1,160.77,189.6,95.8,17.7,High
202.21,50.48,21.32,153.49,39.35,13.94,Low
271.66,112.62,238.5,59.76,69.18,4.15,Moderate
282.21,90.87,218.66,64.84,57.21,6.28,Moderate
147.01,138.76,48.01,143.2,96.98,18.52,Moderate
131.38,246.66,142.28,198.27,42.44,10.44,Moderate
328.5,146.61,141.2,19.64,36.09,16.33,Moderate
130.85,49.36,77.26,22.73,12.52,18.1,Low
318.3,98.84,22.92,26.67,40.51,8.79,Moderate
235.42,233.81,34.56,74.78,89.75,9.55,Moderate
397.04,264.21,128.0,85.31,14.56,8.0,Moderate
211.33,281.27,195.84,82.44,23.0,19.13,Moderate
88.49,130.78,102.84,57.86,78.62,10.39,Low
217.61,92.8,27.63,149.8,14.96,18.84,Moderate
180.16,212.74,126.47,151.21,56.11,16.61,Moderate
297.74,231.82,190.1,27.71,39.51,10.64,Moderate
24.67,246.3,226.23,131.64,76.36,12.6,Moderate
347.75,39.17,44.39,187.97,68.99,19.97,Moderate
330.04,75.5,216.82,136.54,21.23,11.0,Moderate
37.25,238.56,82.53,179.46,34.59,1.57,Moderate
82.51,171.08,93.29,168.17,17.24,4.22,Moderate
307.54,59.53,154.75,29.24,76.99,18.44,Moderate
154.6,259.92,200.33,142.24,94.16,12.95,Moderate
246.75,15.92,185.6,130.43,28.06,10.73,Moderate
391.44,110.61,85.31,58.19,20.95,6.49,Moderate
112.74,37.48,55.89,87.22,48.48,3.91,Low
36.18,269.39,198.63,21.9,16.93,2.26,Moderate
69.65,128.03,70.07,105.61,21.93,11.75,Low
184.13,299.89,66.93,10.06,68.17,4.08,Moderate
396.47,57.17,138.66,155.5,15.88,19.5,Moderate
25.58,268.76,144.21,48.18,32.6,9.8,Moderate
209.26,128.16,117.25,164.94,48.53,11.47,Moderate
284.14,26.65,220.76,73.4,81.68,14.59,Moderate
239.15,126.04,91.31,93.48,36.93,2.55,Moderate
188.78,16.27,213.31,24.53,24.02,1.55,Low
195.15,202.66,24.46,93.31,75.62,14.92,Moderate
192.57,279.22,65.16,193.07,8.08,3.78,Moderate
117.47,66.2,186.0,172.3,75.7,8.7,Moderate
238.41,125.77,211.81,129.74,23.42,11.34,Moderate
308.47,174.27,105.39,118.44,68.91,12.1,Moderate
124.83,140.51,84.13,174.75,52.3,6.98,Moderate
158.45,259.4,24.69,123.63,60.23,13.35,Moderate
319.06,70.95,121.05,162.86,59.49,7.52,Moderate
346.24,156.19,84.78,72.61,82.35,0.88,Moderate
240.34,95.79,41.44,102.22,28.09,0.92,Moderate
235.06,81.04,220.39,78.78,53.88,8.01,Moderate
209.61,32.02,220.97,37.97,26.05,18.64,Moderate
178.1,222.78,126.41,64.93,72.97,19.14,Moderate
190.55,43.97,116.26,73.97,72.71,7.67,Moderate
166.31,231.73,145.66,127.16,17.37,2.88,Moderate
150.38,134.24,69.51,157.87,23.63,13.94,Moderate
284.42,180.19,205.44,157.0,70.99,17.52,Moderate
141.2,57.78,75.19,36.67,46.24,11.06,Low
386.94,133.52,113.25,67.06,55.89,10.23,Moderate
325.81,204.62,28.94,72.95,32.94,7.67,Moderate
170.82,81.76,147.06,101.15,90.56,16.17,Moderate
342.64,129.73,23.71,169.64,99.0,3.21,Moderate
229.53,164.44,41.13,136.25,67.11,8.1,Moderate
49.0,104.19,70.78,38.42,21.11,3.15,Low
99.56,79.86,52.33,144.55,97.19,6.16,Low
202.8,37.74,135.03,26.24,7.61,11.06,Low
77.77,161.78,125.89,192.07,49.89,12.07,Moderate
135.72,184.24,217.14,15.02,50.13,18.1,Moderate
202.76,130.46,99.87,168.04,46.16,14.06,Moderate
134.35,129.77,77.18,101.03,97.55,5.86,Moderate
311.33,284.76,166.79,25.29,17.11,16.89,Moderate
25.14,130.13,113.14,156.44,19.47,18.59,Low
33.45,255.19,57.45,13.97,10.34,7.22,Low
178.42,32.27,184.33,162.73,91.64,1.81,Moderate
51.0,233.17,60.7,174.75,60.82,10.0,Moderate
234.55,116.92,184.93,77.62,46.42,13.23,Moderate
238.88,63.95,22.53,29.99,59.61,16.61,Low
293.06,135.04,197.05,105.82,24.42,14.57,Moderate
181.93,37.42,81.03,91.72,45.75,6.08,Low
189.59,226.45,236.76,185.98,59.81,1.41,Moderate
134.84,232.1,42.23,116.73,6.32,11.37,Moderate
248.53,104.69,129.23,11.21,42.63,12.75,Moderate
310.65,127.57,173.73,79.26,93.61,19.76,Moderate
95.2,280.45,184.86,36.0,54.76,9.68,Moderate
235.23,264.54,86.66,128.31,53.52,16.26,Moderate
240.22,232.77,201.71,117.81,84.59,17.75,Moderate
55.18,110.72,185.21,135.75,20.65,12.31,Moderate
364.72,260.02,166.65,110.68,58.15,5.98,Moderate
367.28,154.83,150.39,99.77,56.33,1.25,Moderate
72.47,124.61,159.55,28.56,20.89,8.85,Low
356.71,233.22,223.81,136.94,25.29,9.24,Moderate
