Run,Soil Heavy Metal (primary study),MPA Samples,Soil Pollution Diseases,SOIL DATA GR,Protocol
1,0.95,0.9883333333333333,0.9783333333333334,0.9745222929936306,P1 Replicated
2,0.92,0.99,0.9716666666666667,0.9554140127388535,P1 Replicated
3,0.935,0.985,0.9716666666666667,0.9426751592356688,P1 Replicated
4,0.96,0.9841666666666666,0.975,0.9299363057324841,P1 Replicated
5,0.965,0.9858333333333333,0.9833333333333333,0.89171974522293,P1 Replicated
Mean,0.9460000000000001,0.9866666666666667,0.976,0.9388535031847134,P1 Replicated
SD,0.01850675552332171,0.002429563289518874,0.004944132324730425,0.031073403611848318,P1 Replicated
1,,0.57,0.325,0.7770700636942676,P2 Covariates-only
2,,0.5558333333333333,0.33,0.6815286624203821,P2 Covariates-only
3,,0.5666666666666667,0.32666666666666666,0.6878980891719745,P2 Covariates-only
4,,0.5533333333333333,0.36666666666666664,0.6560509554140127,P2 Covariates-only
5,,0.5525,0.32666666666666666,0.7133757961783439,P2 Covariates-only
Mean,,0.5596666666666665,0.335,0.7031847133757961,P2 Covariates-only
SD,,0.008092348924206795,0.017795130420052173,0.04606289103634282,P2 Covariates-only
