Optimizer,Learning Rate,Label Smoothing,Validation Balanced Accuracy,Validation Accuracy,Best Epoch
NAdam,0.0005,0.0,1.0,1.0,66
RMSprop,0.0005,0.0,1.0,1.0,41
RMSprop,0.0005,0.05,1.0,1.0,41
AdamW,0.0003,0.0,0.9166666666666666,0.9937499761581421,72
AdamW,0.0003,0.05,0.9166666666666666,0.9937499761581421,61
AdamW,0.0005,0.0,0.9166666666666666,0.9937499761581421,49
AdamW,0.0005,0.05,0.9166666666666666,0.9937499761581421,43
Adam,0.0003,0.0,0.9166666666666666,0.9937499761581421,72
Adam,0.0003,0.05,0.9166666666666666,0.9937499761581421,57
Adam,0.0005,0.0,0.9166666666666666,0.9937499761581421,42
Adam,0.0005,0.05,0.9166666666666666,0.9937499761581421,40
NAdam,0.0003,0.0,0.9166666666666666,0.9937499761581421,64
NAdam,0.0003,0.05,0.9166666666666666,0.9937499761581421,56
NAdam,0.0005,0.05,0.9166666666666666,0.9937499761581421,41
RAdam,0.0005,0.0,0.9166666666666666,0.9937499761581421,97
RAdam,0.0005,0.05,0.9166666666666666,0.9937499761581421,86
Adamax,0.0005,0.05,0.9166666666666666,0.9937499761581421,101
RMSprop,0.0003,0.0,0.9166666666666666,0.9937499761581421,54
RMSprop,0.0003,0.05,0.9166666666666666,0.9937499761581421,36
Adamax,0.0003,0.0,0.7341221374045802,0.96875,90
Adamax,0.0005,0.0,0.7341221374045802,0.96875,53
Adamax,0.0003,0.05,0.6507888040712468,0.9624999761581421,63
RAdam,0.0003,0.0,0.48185750636132313,0.24375000596046448,1
RAdam,0.0003,0.05,0.48185750636132313,0.24375000596046448,1
