Dataset,Protocol,Preprocessing,Run,Seed,Accuracy,Precision,Recall,F1 Score,Validation Accuracy,Epochs,Rows,Features,Raw Features,Majority Baseline
MPA Samples,P1 Replicated,"Enhanced, no load index",1,42,0.9825,0.9825324988595452,0.9824999999999999,0.9824847424747482,0.9902777671813965,32,6000,21,20,0.3333333333333333
MPA Samples,P1 Replicated,"Enhanced, no load index",2,52,0.9875,0.9875391018372479,0.9874999999999999,0.9875123909068647,0.9930555820465088,55,6000,21,20,0.3333333333333333
MPA Samples,P1 Replicated,"Enhanced, no load index",3,62,0.9825,0.9827976850911652,0.9824999999999999,0.9825573123602084,0.9916666746139526,50,6000,21,20,0.3333333333333333
MPA Samples,P1 Replicated,"Enhanced, no load index",4,72,0.9866666666666667,0.9867182272723835,0.9866666666666667,0.986654715040174,0.9930555820465088,51,6000,21,20,0.3333333333333333
MPA Samples,P1 Replicated,"Enhanced, no load index",5,82,0.9941666666666666,0.9941932777197667,0.9941666666666666,0.9941581752744298,0.9930555820465088,34,6000,21,20,0.3333333333333333
MPA Samples,P1 Replicated,Legacy (impute + StandardScaler),1,42,0.835,0.8408547862820726,0.835,0.8360816640013239,0.8527777791023254,45,6000,20,20,0.3333333333333333
MPA Samples,P1 Replicated,Legacy (impute + StandardScaler),2,52,0.8291666666666667,0.8265625823657157,0.8291666666666666,0.8269334954325593,0.8500000238418579,48,6000,20,20,0.3333333333333333
MPA Samples,P1 Replicated,Legacy (impute + StandardScaler),3,62,0.8425,0.8436741939230877,0.8424999999999999,0.8413331731434063,0.8486111164093018,86,6000,20,20,0.3333333333333333
MPA Samples,P1 Replicated,Legacy (impute + StandardScaler),4,72,0.8483333333333334,0.8481867283950617,0.8483333333333333,0.847592883307169,0.862500011920929,102,6000,20,20,0.3333333333333333
MPA Samples,P1 Replicated,Legacy (impute + StandardScaler),5,82,0.8541666666666666,0.8547360401317611,0.8541666666666666,0.8543029005409318,0.8666666746139526,113,6000,20,20,0.3333333333333333
MPA Samples,P2 Covariates-only,Legacy (impute + StandardScaler),1,42,0.53,0.5157860671501276,0.53,0.5162249768769004,0.5805555582046509,63,6000,17,17,0.3333333333333333
MPA Samples,P2 Covariates-only,Legacy (impute + StandardScaler),2,52,0.5491666666666667,0.5354621623387215,0.5491666666666667,0.5318990390727399,0.5388888716697693,25,6000,17,17,0.3333333333333333
MPA Samples,P2 Covariates-only,Legacy (impute + StandardScaler),3,62,0.5408333333333334,0.5179023330954987,0.5408333333333334,0.5085348623668074,0.5736111402511597,43,6000,17,17,0.3333333333333333
MPA Samples,P2 Covariates-only,Legacy (impute + StandardScaler),4,72,0.54,0.520862444013611,0.5399999999999999,0.5175905474276213,0.5541666746139526,45,6000,17,17,0.3333333333333333
MPA Samples,P2 Covariates-only,Legacy (impute + StandardScaler),5,82,0.5408333333333334,0.5197631914777724,0.5408333333333333,0.5193601902483481,0.5388888716697693,47,6000,17,17,0.3333333333333333
Soil Pollution Diseases,P1 Replicated,"Enhanced, no load index",1,42,0.9783333333333334,0.9786318469245298,0.9783333333333334,0.9784063104547419,0.9861111044883728,32,3000,91,81,0.3333333333333333
Soil Pollution Diseases,P1 Replicated,"Enhanced, no load index",2,52,0.9783333333333334,0.9786400477582871,0.9783333333333334,0.9784019532557545,0.980555534362793,37,3000,91,81,0.3333333333333333
Soil Pollution Diseases,P1 Replicated,"Enhanced, no load index",3,62,0.9633333333333334,0.9638460339722612,0.9633333333333334,0.9629837090976988,0.9833333492279053,54,3000,91,81,0.3333333333333333
Soil Pollution Diseases,P1 Replicated,"Enhanced, no load index",4,72,0.9766666666666667,0.9768766092295506,0.9766666666666667,0.9767235517521602,0.9861111044883728,52,3000,91,81,0.3333333333333333
Soil Pollution Diseases,P1 Replicated,"Enhanced, no load index",5,82,0.9816666666666667,0.9817971198147945,0.9816666666666666,0.9817035345782648,0.980555534362793,36,3000,91,81,0.3333333333333333
Soil Pollution Diseases,P1 Replicated,Legacy (impute + StandardScaler),1,42,0.9816666666666667,0.9816642358227793,0.9816666666666666,0.9816367990550753,0.9944444298744202,40,3000,81,81,0.3333333333333333
Soil Pollution Diseases,P1 Replicated,Legacy (impute + StandardScaler),2,52,0.99,0.9901293850873683,0.9900000000000001,0.98999899989999,0.9833333492279053,44,3000,81,81,0.3333333333333333
Soil Pollution Diseases,P1 Replicated,Legacy (impute + StandardScaler),3,62,0.9716666666666667,0.9722557631273556,0.9716666666666667,0.9714261989607786,0.9861111044883728,26,3000,81,81,0.3333333333333333
Soil Pollution Diseases,P1 Replicated,Legacy (impute + StandardScaler),4,72,0.9766666666666667,0.9767481748174817,0.9766666666666666,0.9766912089468903,0.9916666746139526,77,3000,81,81,0.3333333333333333
Soil Pollution Diseases,P1 Replicated,Legacy (impute + StandardScaler),5,82,0.9816666666666667,0.9817129270752586,0.9816666666666666,0.9816532284107647,0.980555534362793,56,3000,81,81,0.3333333333333333
Soil Pollution Diseases,P2 Covariates-only,Legacy (impute + StandardScaler),1,42,0.30833333333333335,0.30890187950658277,0.3083333333333333,0.30642460561428303,0.35277777910232544,45,3000,80,80,0.3333333333333333
Soil Pollution Diseases,P2 Covariates-only,Legacy (impute + StandardScaler),2,52,0.32166666666666666,0.3209722222222222,0.32166666666666666,0.24914596949891069,0.3472222089767456,24,3000,80,80,0.3333333333333333
Soil Pollution Diseases,P2 Covariates-only,Legacy (impute + StandardScaler),3,62,0.355,0.35648983266858264,0.355,0.3539324218617148,0.3499999940395355,33,3000,80,80,0.3333333333333333
Soil Pollution Diseases,P2 Covariates-only,Legacy (impute + StandardScaler),4,72,0.35833333333333334,0.35957786836819094,0.3583333333333334,0.3581877086566041,0.3777777850627899,64,3000,80,80,0.3333333333333333
Soil Pollution Diseases,P2 Covariates-only,Legacy (impute + StandardScaler),5,82,0.32,0.2146535712275567,0.32,0.24303931250758012,0.3611111044883728,23,3000,80,80,0.3333333333333333
SOIL DATA GR,P1 Replicated,"Enhanced, no load index",1,42,0.9617834394904459,0.9623330813807005,0.9615384615384616,0.9615151605091737,0.936170220375061,65,781,31,16,0.33418693982074266
SOIL DATA GR,P1 Replicated,"Enhanced, no load index",2,52,0.9235668789808917,0.9240362811791383,0.9231978713110789,0.9232153862538431,0.957446813583374,48,781,32,16,0.33418693982074266
SOIL DATA GR,P1 Replicated,"Enhanced, no load index",3,62,0.9363057324840764,0.940007418820978,0.9358974358974358,0.9348420185684336,0.9680851101875305,33,781,32,16,0.33418693982074266
SOIL DATA GR,P1 Replicated,"Enhanced, no load index",4,72,0.9044585987261147,0.9138465193632692,0.9044508950169328,0.9058876063527911,0.9468085169792175,77,781,32,16,0.33418693982074266
SOIL DATA GR,P1 Replicated,"Enhanced, no load index",5,82,0.8853503184713376,0.8933390022675737,0.8853410740203193,0.8869514472455649,0.9468085169792175,42,781,32,16,0.33418693982074266
SOIL DATA GR,P1 Replicated,Legacy (impute + StandardScaler),1,42,0.89171974522293,0.895672514619883,0.8918722786647315,0.8928056837770292,0.8723404407501221,38,781,16,16,0.33418693982074266
SOIL DATA GR,P1 Replicated,Legacy (impute + StandardScaler),2,52,0.8280254777070064,0.835257819920852,0.8276487663280117,0.8296285796285797,0.914893627166748,54,781,16,16,0.33418693982074266
SOIL DATA GR,P1 Replicated,Legacy (impute + StandardScaler),3,62,0.910828025477707,0.9104662004662004,0.9107402031930335,0.9102192902082952,0.9042553305625916,91,781,16,16,0.33418693982074266
SOIL DATA GR,P1 Replicated,Legacy (impute + StandardScaler),4,72,0.89171974522293,0.8919429178189286,0.8912675374939526,0.8912095971501913,0.936170220375061,114,781,16,16,0.33418693982074266
SOIL DATA GR,P1 Replicated,Legacy (impute + StandardScaler),5,82,0.8535031847133758,0.8708553791887126,0.8530478955007257,0.8545713124746038,0.936170220375061,65,781,16,16,0.33418693982074266
SOIL DATA GR,P2 Covariates-only,Legacy (impute + StandardScaler),1,42,0.7388535031847133,0.754973237541861,0.7385099177552008,0.7434269742763749,0.7553191781044006,49,781,12,12,0.33418693982074266
SOIL DATA GR,P2 Covariates-only,Legacy (impute + StandardScaler),2,52,0.7070063694267515,0.7064765300059417,0.7064586357039188,0.7061542184035604,0.6808510422706604,26,781,12,12,0.33418693982074266
SOIL DATA GR,P2 Covariates-only,Legacy (impute + StandardScaler),3,62,0.6815286624203821,0.6865600448933783,0.6813014029995162,0.6830827678077277,0.7765957713127136,30,781,12,12,0.33418693982074266
SOIL DATA GR,P2 Covariates-only,Legacy (impute + StandardScaler),4,72,0.6560509554140127,0.6582351290684624,0.6550556361877117,0.6561370716510903,0.7446808218955994,34,781,12,12,0.33418693982074266
SOIL DATA GR,P2 Covariates-only,Legacy (impute + StandardScaler),5,82,0.7197452229299363,0.7312564484695633,0.7195210449927432,0.7214196486844968,0.7553191781044006,42,781,12,12,0.33418693982074266
