Dataset,Protocol,Run,Accuracy %,Precision %,Recall %,F1 Score %
Soil Heavy Metal (primary study),P1 Replicated,1,95.00,98.07,67.08,73.34
Soil Heavy Metal (primary study),P1 Replicated,2,92.00,57.28,63.58,59.99
Soil Heavy Metal (primary study),P1 Replicated,3,93.50,80.96,90.04,84.91
Soil Heavy Metal (primary study),P1 Replicated,4,96.00,96.72,70.84,74.89
Soil Heavy Metal (primary study),P1 Replicated,5,96.50,88.62,92.11,90.19
Soil Heavy Metal (primary study),P1 Replicated,Mean ± SD,94.60 ± 1.85,84.33 ± 16.61,76.73 ± 13.36,76.66 ± 11.65
MPA Samples,P1 Replicated,1,98.83,98.83,98.83,98.83
MPA Samples,P1 Replicated,2,99.00,99.00,99.00,99.00
MPA Samples,P1 Replicated,3,98.50,98.51,98.50,98.50
MPA Samples,P1 Replicated,4,98.42,98.43,98.42,98.41
MPA Samples,P1 Replicated,5,98.58,98.59,98.58,98.58
MPA Samples,P1 Replicated,Mean ± SD,98.67 ± 0.24,98.67 ± 0.24,98.67 ± 0.24,98.67 ± 0.24
MPA Samples,P2 Covariates-only,1,57.00,55.55,57.00,54.69
MPA Samples,P2 Covariates-only,2,55.58,53.25,55.58,53.34
MPA Samples,P2 Covariates-only,3,56.67,55.01,56.67,55.42
MPA Samples,P2 Covariates-only,4,55.33,55.80,55.33,55.52
MPA Samples,P2 Covariates-only,5,55.25,53.25,55.25,53.73
MPA Samples,P2 Covariates-only,Mean ± SD,55.97 ± 0.81,54.57 ± 1.24,55.97 ± 0.81,54.54 ± 0.98
Soil Pollution Diseases,P1 Replicated,1,97.83,97.84,97.83,97.82
Soil Pollution Diseases,P1 Replicated,2,97.17,97.18,97.17,97.15
Soil Pollution Diseases,P1 Replicated,3,97.17,97.27,97.17,97.18
Soil Pollution Diseases,P1 Replicated,4,97.50,97.50,97.50,97.49
Soil Pollution Diseases,P1 Replicated,5,98.33,98.33,98.33,98.33
Soil Pollution Diseases,P1 Replicated,Mean ± SD,97.60 ± 0.49,97.63 ± 0.47,97.60 ± 0.49,97.60 ± 0.49
Soil Pollution Diseases,P2 Covariates-only,1,32.50,31.15,32.50,30.11
Soil Pollution Diseases,P2 Covariates-only,2,33.00,33.12,33.00,32.95
Soil Pollution Diseases,P2 Covariates-only,3,32.67,32.63,32.67,32.36
Soil Pollution Diseases,P2 Covariates-only,4,36.67,36.36,36.67,36.28
Soil Pollution Diseases,P2 Covariates-only,5,32.67,32.68,32.67,32.45
Soil Pollution Diseases,P2 Covariates-only,Mean ± SD,33.50 ± 1.78,33.19 ± 1.92,33.50 ± 1.78,32.83 ± 2.22
SOIL DATA GR,P1 Replicated,1,97.45,97.45,97.44,97.44
SOIL DATA GR,P1 Replicated,2,95.54,95.56,95.52,95.50
SOIL DATA GR,P1 Replicated,3,94.27,94.41,94.28,94.30
SOIL DATA GR,P1 Replicated,4,92.99,93.14,93.00,93.03
SOIL DATA GR,P1 Replicated,5,89.17,89.11,89.14,89.08
SOIL DATA GR,P1 Replicated,Mean ± SD,93.89 ± 3.11,93.94 ± 3.13,93.88 ± 3.11,93.87 ± 3.13
SOIL DATA GR,P2 Covariates-only,1,77.71,77.50,77.64,77.56
SOIL DATA GR,P2 Covariates-only,2,68.15,68.77,68.13,68.36
SOIL DATA GR,P2 Covariates-only,3,68.79,69.67,68.78,69.00
SOIL DATA GR,P2 Covariates-only,4,65.61,64.28,65.48,64.58
SOIL DATA GR,P2 Covariates-only,5,71.34,71.70,71.29,71.43
SOIL DATA GR,P2 Covariates-only,Mean ± SD,70.32 ± 4.61,70.39 ± 4.82,70.26 ± 4.61,70.19 ± 4.80
