Optimizer,Learning Rate,Label Smoothing,k,n_blocks,d_block,Architecture,Validation Balanced Accuracy,Validation Accuracy,Best Epoch
NAdam,0.0005,0.0,32,2,256,tabm-mini,1.0,1.0,66
RMSprop,0.0005,0.0,32,2,256,tabm-mini,1.0,1.0,41
RMSprop,0.0005,0.0,16,2,192,tabm-mini,1.0,1.0,55
RMSprop,0.0005,0.05,32,2,256,tabm-mini,1.0,1.0,41
RMSprop,0.0005,0.05,16,2,192,tabm-mini,1.0,1.0,55
NAdam,0.0005,0.0,16,3,128,tabm-mini,0.9974554707379135,0.9937499761581421,45
RMSprop,0.0005,0.0,32,2,128,tabm-mini,0.9974554707379135,0.9937499761581421,75
RMSprop,0.0005,0.0,16,3,128,tabm-mini,0.9974554707379135,0.9937499761581421,55
RMSprop,0.0005,0.05,32,2,128,tabm-mini,0.994910941475827,0.987500011920929,75
RMSprop,0.0005,0.05,16,3,128,tabm-mini,0.994910941475827,0.987500011920929,51
NAdam,0.0005,0.0,32,2,128,tabm-mini,0.9166666666666666,0.9937499761581421,82
NAdam,0.0005,0.0,16,2,128,tabm-mini,0.9166666666666666,0.9937499761581421,78
RMSprop,0.0005,0.0,16,2,128,tabm-mini,0.9166666666666666,0.9937499761581421,56
RMSprop,0.0005,0.05,16,2,128,tabm-mini,0.9166666666666666,0.9937499761581421,49
NAdam,0.0005,0.0,16,2,192,tabm-mini,0.9141221374045801,0.987500011920929,41
